-- phpMyAdmin SQL Dump
-- version 5.2.1
-- https://www.phpmyadmin.net/
--
-- Host: localhost:3306
-- Generation Time: Nov 03, 2024 at 05:13 PM
-- Server version: 10.4.28-MariaDB
-- PHP Version: 8.0.28

SET SQL_MODE = "NO_AUTO_VALUE_ON_ZERO";
START TRANSACTION;
SET time_zone = "+00:00";


/*!40101 SET @OLD_CHARACTER_SET_CLIENT=@@CHARACTER_SET_CLIENT */;
/*!40101 SET @OLD_CHARACTER_SET_RESULTS=@@CHARACTER_SET_RESULTS */;
/*!40101 SET @OLD_COLLATION_CONNECTION=@@COLLATION_CONNECTION */;
/*!40101 SET NAMES utf8mb4 */;

--
-- Database: `school_rfid_db`
--

-- --------------------------------------------------------

--
-- Table structure for table `announcements`
--

CREATE TABLE `announcements` (
  `id` int(11) NOT NULL,
  `title` varchar(255) NOT NULL,
  `category` enum('event','announcement','reminder') NOT NULL DEFAULT 'announcement',
  `content` text NOT NULL,
  `image` varchar(255) DEFAULT NULL,
  `posting_date` date NOT NULL,
  `status` tinyint(1) DEFAULT 0
) ENGINE=InnoDB DEFAULT CHARSET=utf8mb4 COLLATE=utf8mb4_general_ci;

--
-- Dumping data for table `announcements`
--

INSERT INTO `announcements` (`id`, `title`, `category`, `content`, `image`, `posting_date`, `status`) VALUES
(118, 'SY-2024-2025', 'announcement', 'New IDNew IDNew IDNew IDNew IDNew IDNew IDNew IDNew IDNew IDNew IDNew IDNew IDNew IDNew IDNew IDNew IDNew IDNew IDNew IDNew IDNew IDNew IDNew IDNew IDNew IDNew IDNew IDNew IDNew IDNew IDNew IDNew IDNew IDNew IDNew IDNew IDNew IDNew IDNew IDNew IDNew IDNew ID', 'LOGIN.png', '2024-08-19', 1),
(129, 'BALIK-SKWELA', 'event', 'samplesamplesamplesamplesamplesamplesamplesamplesamplesamplesamplesamplesamplesamplesamplesamplesamplesamplesamplesamplesamplesamplesamplesamplesamplesamplesamplesamplesamplesamplesamplesamplesamplesamplesamplesamplesamplesamplesamplesamplesamplesamplesamplesamplesamplesamplesamplesamplesamplesamplesamplesamplesamplesamplesamplesamplesamplesamplesamplesamplesamplesample', 'bg.png', '2024-08-20', 1);
INSERT INTO `announcements` (`id`, `title`, `category`, `content`, `image`, `posting_date`, `status`) VALUES
(133, 'Sample Only', 'reminder', 'contentcontentcontentcontentcontentcontentcontentcontentcontentcontentcontentcontentcontentcontentcontentcontentcontentcontentcontentcontentcontentcontentcontentcontentcontentcontentcontentcontentcocontentcontentcontentcontentcontentcontentcontentcontentcontentcontentcontentcontentcontentcontentcontentcontentcontentcontentcontentcontentcontentcontentcontentcontentcontentcontentcontentcontentcontentcontentcontentcontentcontentcontentcontentcontentcontentcontentcontentcontentcontentcontentcontentcontentcontentcontentcontentcontentcontentcontentcontentcontentcontentcontentcontentcontentcontentcontentcontentcontentcontentcontentcontentcontentcontentcontentcontentcontentcontentcontentcontentcontentcontentcontentcontentcontentcontentcontentcontentcontentcontentcontentcontentcontentcontentcontentcontentcontentcontentcontentcontentcontentcontentcontentcontentcontentcontentcontentcontentcontentcontentcontentcontentcontentcontentcontentcontentcontentcontentcontentcontentcontentcontentcontentcontentcontentcontentcontentcontentcontentcontentcontentcontentcontentcontentcontentcontentcontentcontentcontentcontentcontentcontentcontentcontentcontentcontentcontentcontentcontentcontentcontentcontentcontentcontentcontentcontentcontentcontentcontentcontentcontentcontentcontentcontentcontentcontentcontentcontentcontentcontentcontentcontentcontentcontentcontentcontentcontentcontentcontentcontentcontentcontentcontentcontentcontentcontentcontentcontentcontentcontentcontentcontentcontentcontentcontentcontentcontentcontentcontentcontentcontentcontentcontentcontentcontentcontentcontentcontentcontentcontentcontentcontentcontentcontentcontentcontentcontentcontentcontentcontentcontentcontentcontentcontentcontentcontentcontentcontentcontentcontentcontentcontentcontentcontentcontentcontentcontentcontentcontentcontentcontentcontentcontentcontentcontentcontentcontentcontentcontentcontentcontentcontentcontentcontentcontentcontentcontentcontentcontentcontentcontentcontentcontentcontentcontentcontentcontentcontentcontentcontentcontentcontentcontentcontentcontentcontentcontentcontentcontentcontentcontentcontentcontentcontentcontentcontentcontentcontentcontentcontentcontentcontentcontentcontentcontentcontentcontentcontentcontentcontentcontentcontentcontentcontentcontentcontentcontentcontentcontentcontentcontentcontentcontentcontentcontentcontentcontentcontentcontentcontentcontentcontentcontentcontentcontentcontentcontentcontentcontentcontentcontentcontentcontentcontentcontentcontentcontentcontentcontentcontentcontentcontentcontentcontentcontentcontentcontentcontentcontentcontentcontentcontentcontentcontentcontentcontentcontentcontentcontentcontentcontentcontentcontentcontentcontentcontentcontentcontentcontentcontentcontentcontentcontentcontentcontentcontentcontentcontentcontentcontentcontentcontentcontentcontentcontentcontentcontentcontentcontentcontentcontentcontentcontentcontentcontentcontentcontentcontentcontentcontentcontentcontentcontentcontentcontentcontentcontentcontentcontentcontentcontentcontentcontentcontentcontentcontentcontentcontentcontentcontentcontentcontentcontentcontentcontentcontentcontentcontentcontentcontentcontentcontentcontentcontentcontentcontentcontentcontentcontentcontentcontentcontentcontentcontentcontentcontentcontentcontentcontentcontentcontentcontentcontentcontentcontentcontentcontentcontentcontentcontentcontentcontentcontentcontentcontentcontentcontentcontentcontentcontentcontentcontentcontentcontentcontentcontentcontentcontentcontentcontentcontentcontentcontentcontentcontentcontentcontentcontentcontentcontentcontentcontentcontentcontentcontentcontentcontentcontentcontentcontentcontentcontentcontentcontentcontentcontentcontentcontentcontentcontentcontentcontentcontentcontentcontentcontentcontentcontentcontentcontentcontentcontentcontentcontentcontentcontentcontentcontentcontentcontentcontentcontentcontentcontentcontentcontentcontentcontentcontentcontentcontentcontentcontentcontentcontentcontentcontentcontentcontentcontentcontentcontentcontentcontentcontentcontentcontentcontentcontentcontentcontentcontentcontentcontentcontentcontentcontentcontentcontentcontentcontentcontentcontentcontentcontentcontentcontentcontentcontentcontentcontentcontentcontentcontentcontentcontentcontentcontentcontentcontentcontentcontentcontentcontentcontentcontentcontentcontentcontentcontentcontentcontentcontentcontentcontentcontentcontentcontentcontentcontentcontentcontentcontentcontentcontentcontentcontentcontentcontentcontentcontentcontentcontentcontentcontentcontentcontentcontentcontentcontentcontentcontentcontentcontentcontentcontentcontentcontentcontentcontentcontentcontentcontentcontentcontentcontentcontentcontentcontentcontentcontentcontentcontentcontentcontentcontentcontentcontentcontentcontentcontentcontentcontentcontentcontentcontentcontentcontentcontentcontentcontentcontentcontentcontentcontentcontentcontentcontentcontentcontentcontentcontentcontentcontentcontentcontentcontentcontentcontentcontentcontentcontentcontentcontentcontentcontentcontentcontentcontentcontentcontentcontentcontentcontentcontentcontentcontentcontentcontentcontentcontentcontentcontentcontentcontentcontentcontentcontentcontentcontentcontentcontentcontentcontentcontentcontentcontentcontentcontentcontentcontentcontentcontentcontentcontentcontentcontentcontentcontentcontentcontentcontentcontentcontentcontentcontentcontentcontentcontentcontentcontentcontentcontentcontentcontentcontentcontentcontentcontentcontentcontentcontentcontentcontentcontentcontentcontentcontentcontentcontentcontentcontentcontentcontentcontentcontentcontentcontentcontentcontentcontentcontentcontentcontentcontentcontentcontentcontentcontentcontentcontentcontentcontentcontentcontentcontentcontentcontentcontentcontentcontentcontentcontentcontentcontentcontentcontentcontentcontentcontentcontentcontentcontentcontentcontentcontentcontentcontentcontentcontentcontentcontentcontentcontentcontentcontentcontentcontentcontentcontentcontentcontentcontentcontentcontentcontentcontentcontentcontentcontentcontentcontentcontentcontentcontentcontentcontentcontentcontentcontentcontentcontentcontentcontentcontentcontentcontentcontentcontentcontentcontentcontentcontentcontentcontentcontentcontentcontentcontentcontentcontentcontentcontentcontentcontentcontentcontentcontentcontentcontentcontentcontentcontentcontentcontentcontentcontentcontentcontentcontentcontentcontentcontentcontentcontentcontentcontentcontentcontentcontentcontentcontentcontentcontentcontentcontentcontentcontentcontentcontentcontentcontentcontentcontentcontentcontentcontentcontentcontentcontentcontentcontentcontentcontentcontentcontentcontentcontentcontentcontentcontentcontentcontentcontentcontentcontentcontentcontentcontentcontentcontentcontentcontentcontentcontentcontentcontentcontentcontentcontentcontentcontentcontentcontentcontentcontentcontentcontentcontentcontentcontentcontentcontentcontentcontentcontentcontentcontentcontentcontentcontentcontentcontentcontentcontentcontentcontentcontentcontentcontentcontentcontentcontentcontentcontentcontentcontentcontentcontentcontentcontentcontentcontentcontentcontentcontentcontentcontentcontentcontentcontentcontentcontentcontentcontentcontentcontentcontentcontentcontentcontentcontentcontentcontentcontentcontentcontentcontentcontentcontentcontentcontentcontentcontentcontentcontentcontentcontentcontentcontentcontentcontentcontentcontentcontentcontentcontentcontentcontentcontentcontentcontentcontentcontentcontentcontentcontentcontentcontentcontentcontentcontentcontentcontentcontentcontentcontentcontentcontentcontentcontentcontentcontentcontentcontentcontentcontentcontentcontentcontentcontentcontentcontentcontentcontentcontentcontentcontentcontentcontentcontentcontentcontentcontentcontentcontentcontentcontentcontentcontentcontentcontentcontentcontentcontentcontentcontentcontentcontentcontentcontentcontentcontentcontentcontentcontentcontentcontentcontentcontentcontentcontentcontentcontentcontentcontentcontentcontentcontentcontentcontentcontentcontentcontentcontentcontentcontentcontentcontentcontentcontentcontentcontentcontentcontentcontentcontentcontentcontentcontentcontentcontentcontentcontentcontentcontentcontentcontentcontentcontentcontentcontentcontentcontentcontentcontentcontentcontentcontentcontentcontentcontentcontentcontentcontentcontentcontentcontentcontentcontentcontentcontentcontentcontentcontentcontentcontentcontentcontentcontentcontentcontentcontentcontentcontentcontentcontentcontentcontentcontentcontentcontentcontentcontentcontentcontentcontentcontentcontentcontentcontentcontentcontentcontentcontentcontentcontentcontentcontentcontentcontentcontentcontentcontentcontentcontentcontentcontentcontentcontentcontentcontentcontentcontentcontentcontentcontentcontentcontentcontentcontentcontentcontentcontentcontentcontentcontentcontentcontentcontentcontentcontentcontentcontentcontentcontentcontentcontentcontentcontentcontentcontentcontentcontentcontentcontentcontentcontentcontentcontentcontentcontentcontentcontentcontentcontentcontentcontentcontentcontentcontentcontentcontentcontentcontentcontentcontentcontentcontentcontentcontentcontentcontentcontentcontentcontentcontentcontentcontentcontentcontentcontentcontentcontentcontentcontentcontentcontentcontentcontentcontentcontentcontentcontentcontentcontentcontentcontentcontentcontentcontentcontentcontentcontentcontentcontentcontentcontentcontentcontentcontentcontentcontentcontentcontentcontentcontentcontentcontentcontentcontentcontentcontentcontentcontentcontentcontentcontentcontentcontentcontentcontentcontentcontentcontentcontentcontentcontentcontentcontentcontentcontentcontentcontentcontentcontentcontentcontentcontentcontentcontentcontentcontentcontentcontentcontentcontentcontentcontentcontentcontentcontentcontentcontentcontentcontentcontentcontentcontentcontentcontentcontentcontentcontentcontentcontentcontentcontentcontentcontentcontentcontentcontentcontentcontentcontentcontentcontentcontentcontentcontentcontentcontentcontentcontentcontentcontentcontentcontentcontentcontentcontentcontentcontentcontentcontentcontentcontentcontentcontentcontentcontentcontentcontentcontentcontentcontentcontentcontentcontentcontentcontentcontentcontentcontentcontentcontentcontentcontentcontentcontentcontentcontentcontentcontentcontentcontentcontentcontentcontentcontentcontentcontentcontentcontentcontentcontentcontentcontentcontentcontentcontentcontentcontentcontentcontentcontentcontentcontentcontentcontentcontentcontentcontentcontentcontentcontentcontentcontentcontentcontentcontentcontentcontentcontentcontentcontentcontentcontentcontentcontentcontentcontentcontentcontentcontentcontentcontentcontentcontentcontentcontentcontentcontentcontentcontentcontentcontentcontentcontentcontentcontentcontentcontentcontentcontentcontentcontentcontentcontentcontentcontentcontentcontentcontentcontentcontentcontentcontentcontentcontentcontentcontentcontentcontentcontentcontentcontentcontentcontentcontentcontentcontentcontentcontentcontentcontentcontentcontentcontentcontentcontentcontentcontentcontentcontentcontentcontentcontentcontentcontentcontentcontentcontentcontentcontentcontentcontentcontentcontentcontentcontentcontentcontentcontentcontentcontentcontentcontentcontentcontentcontentcontentcontentcontentcontentcontentcontentcontentcontentcontentcontentcontentcontentcontentcontentcontentcontentcontentcontentcontentcontentcontentcontentcontentcontentcontentcontentcontentcontentcontentcontentcontentcontentcontentcontentcontentcontentcontentcontentcontentcontentcontentcontentcontentcontentcontentcontentcontentcontentcontentcontentcontentcontentcontentcontentcontentcontentcontentcontentcontentcontentcontentcontentcontentcontentcontentcontentcontentcontentcontentcontentcontentcontentcontentcontentcontentcontentcontentcontentcontentcontentcontentcontentcontentcontentcontentcontentcontentcontentcontentcontentcontentcontentcontentcontentcontentcontentcontentcontentcontentcontentcontentcontentcontentcontentcontentcontentcontentcontentcontentcontentcontentcontentcontentcontentcontentcontentcontentcontentcontentcontentcontentcontentcontentcontentcontentcontentcontentcontentcontentcontentcontentcontentcontentcontentcontentcontentcontentcontentcontentcontentcontentcontentcontentcontentcontentcontentcontentcontentcontentcontentcontentcontentcontentcontentcontentcontentcontentcontentcontentcontentcontentcontentcontentcontentcontentcontentcontentcontentcontentcontentcontentcontentcontentcontentcontentcontentcontentcontentcontentcontentcontentcontentcontentcontentcontentcontentcontentcontentcontentcontentcontentcontentcontentcontentcontentcontentcontentcontentcontentcontentcontentcontentcontentcontentcontentcontentcontentcontentcontentcontentcontentcontentcontentcontentcontentcontentcontentcontentcontentcontentcontentcontentcontentcontentcontentcontentcontentcontentcontentcontentcontentcontentcontentcontentcontentcontentcontentcontentcontentcontentcontentcontentcontentcontentcontentcontentcontentcontentcontentcontentcontentcontentcontentcontentcontentcontentcontentcontentcontentcontentcontentcontentcontentcontentcontentcontentcontentcontentcontentcontentcontentcontentcontentcontentcontentcontentcontentcontentcontentcontentcontentcontentcontentcontentcontentcontentcontentcontentcontentcontentcontentcontentcontentcontentcontentcontentcontentcontentcontentcontentcontentcontentcontentcontentcontentcontentcontentcontentcontentcontentcontentcontentcontentcontentcontentcontentcontentcontentcontentcontentcontentcontentcontentcontentcontentcontentcontentcontentcontentcontentcontentcontentcontentcontentcontentcontentcontentcontentcontentcontentcontentcontentcontentcontentcontentcontentcontentcontentcontentcontentcontentcontentcontentcontentcontentcontentcontentcontentcontentcontentcontentcontentcontentcontentcontentcontentcontentcontentcontentcontentcontentcontentcontentcontentcontentcontentcontentcontentcontentcontentcontentcontentcontentcontentcontentcontentcontentcontentcontentcontentcontentcontentcontentcontentcontentcontentcontentcontentcontentcontentcontentcontentcontentcontentcontentcontentcontentcontentcontentcontentcontentcontentcontentcontentcontentcontentcontentcontentcontentcontentcontentcontentcontentcontentcontentcontentcontentcontentcontentcontentcontentcontentcontentcontentcontentcontentcontentcontentcontentcontentcontentcontentcontentcontentcontentcontentcontentcontentcontentcontentcontentcontentcontentcontentcontentcontentcontentcontentcontentcontentcontentcontentcontentcontentcontentcontentcontentcontentcontentcontentcontentcontentcontentcontentcontentcontentcontentcontentcontentcontentcontentcontentcontentcontentcontentcontentcontentcontentcontentcontentcontentcontentcontentcontentcontentcontentcontentcontentcontentcontentcontentcontentcontentcontentcontentcontentcontentcontentcontentcontentcontentcontentcontentcontentcontentcontentcontentcontentcontentcontentcontentcontentcontentcontentcontentcontentcontentcontentcontentcontentcontentcontentcontentcontentcontentcontentcontentcontentcontentcontentcontentcontentcontentcontentcontentcontentcontentcontentcontentcontentcontentcontentcontentcontentcontentcontentcontentcontentcontentcontentcontentcontentcontentcontentcontentcontentcontentcontentcontentcontentcontentcontentcontentcontentcontentcontentcontentcontentcontentcontentcontentcontentcontentcontentcontentcontentcontentcontentcontentcontentcontentcontentcontentcontentcontentcontentcontentcontentcontentcontentcontentcontentcontentcontentcontentcontentcontentcontentcontentcontentcontentcontentcontentcontentcontentcontentcontentcontentcontentcontentcontentcontentcontentcontentcontentcontentcontentcontentcontentcontentcontentcontentcontentcontentcontentcontentcontentcontentcontentcontentcontentcontentcontentcontentcontentcontentcontentcontentcontentcontentcontentcontentcontentcontentcontentcontentcontentcontentcontentcontentcontentcontentcontentcontentcontentcontentcontentcontentcontentcontentcontentcontentcontentcontentcontentcontentcontentcontentcontentcontentcontentcontentcontentcontentcontentcontentcontentcontentcontentcontentcontentcontentcontentcontentcontentcontentcontentcontentcontentcontentcontentcontentcontentcontentcontentcontentcontentcontentcontentcontentcontentcontentcontentcontentcontentcontentcontentcontentcontentcontentcontentcontentcontentcontentcontentcontentcontentcontentcontentcontentcontentcontentcontentcontentcontentcontentcontentcontentcontentcontentcontentcontentcontentcontentcontentcontentcontentcontentcontentcontentcontentcontentcontentcontentcontentcontentcontentcontentcontentcontentcontentcontentcontentcontentcontentcontentcontentcontentcontentcontentcontentcontentcontentcontentcontentcontentcontentcontentcontentcontentcontentcontentcontentcontentcontentcontentcontentcontentcontentcontentcontentcontentcontentcontentcontentcontentcontentcontentcontentcontentcontentcontentcontentcontentcontentcontentcontentcontentcontentcontentcontentcontentcontentcontentcontentcontentcontentcontentcontentcontentcontentcontentcontentcontentcontentcontentcontentcontentcontentcontentcontentcontentcontentcontentcontentcontentcontentcontentcontentcontentcontentcontentcontentcontentcontentcontentcontentcontentcontentcontentcontentcontentcontentcontentcontentcontentcontentcontentcontentcontentcontentcontentcontentcontentcontentcontentcontentcontentcontentcontentcontentcontentcontentcontentcontentcontentcontentcontentcontentcontentcontentcontentcontentcontentcontentcontentcontentcontentcontentcontentcontentcontentcontentcontentcontentcontentcontentcontentcontentcontentcontentcontentcontentcontentcontentcontentcontentcontentcontentcontentcontentcontentcontentcontentcontentcontentcontentcontentcontentcontentcontentcontentcontentcontentcontentcontentcontentcontentcontentcontentcontentcontentcontentcontentcontentcontentcontentcontentcontentcontentcontentcontentcontentcontentcontentcontentcontentcontentcontentcontentcontentcontentcontentcontentcontentcontentcontentcontentcontentcontentcontentcontentcontentcontentcontentcontentcontentcontentcontentcontentcontentcontentcontentcontentcontentcontentcontentcontentcontentcontentcontentcontentcontentcontentcontentcontentcontentcontentcontentcontentcontentcontentcontentcontentcontentcontentcontentcontentcontentcontentcontentcontentcontentcontentcontentcontentcontentcontentcontentcontentcontentcontentcontentcontentcontentcontentcontentcontentcontentcontentcontentcontentcontentcontentcontentcontentcontentcontentcontentcontentcontentcontentcontentcontentcontentcontentcontentcontentcontentcontentcontentcontentcontentcontentcontentcontentcontentcontentcontentcontentcontentcontentcontentcontentcontentcontentcontentcontentcontentcontentcontentcontentcontentcontentcontentcontentcontentcontentcontentcontentcontentcontentcontentcontentcontentcontentcontentcontentcontentcontentcontentcontentcontentcontentcontentcontentcontentcontentcontentcontentcontentcontentcontentcontentcontentcontentcontentcontentcontentcontentcontentcontentcontentcontentcontentcontentcontentcontentcontentcontentcontentcontentcontentcontentcontentcontentcontentcontentcontentcontentcontentcontentcontentcontentcontentcontentcontentcontentcontentcontentcontentcontentcontentcontentcontentcontentcontentcontentcontentcontentcontentcontentcontentcontentcontentcontentcontentcontentcontentcontentcontentcontentcontentcontentcontentcontentcontentcontentcontentcontentcontentcontentcontentcontentcontentcontentcontentcontentcontentcontentcontentcontentcontentcontentcontentcontentcontentcontentcontentcontentcontentcontentcontentcontentcontentcontentcontentcontentcontentcontentcontentcontentcontentcontentcontentcontentcontentcontentcontentcontentcontentcontentcontentcontentcontentcontentcontentcontentcontentcontentcontentcontentcontentcontentcontentcontentcontentcontentcontentcontentcontentcontentcontentcontentcontentcontentcontentcontentcontentcontentcontentcontentcontentcontentcontentcontentcontentcontentcontentcontentcontentcontentcontentcontentcontentcontentcontentcontentcontentcontentcontentcontentcontentcontentcontentcontentcontentcontentcontentcontentcontentcontentcontentcontentcontentcontentcontentcontentcontentcontentcontentcontentcontentcontentcontentcontentcontentcontentcontentcontentcontentcontentcontentcontentcontentcontentcontentcontentcontentcontentcontentcontentcontentcontentcontentcontentcontentcontentcontentcontentcontentcontentcontentcontentcontentcontentcontentcontentcontentcontentcontentcontentcontentcontentcontentcontentcontentcontentcontentcontentcontentcontentcontentcontentcontentcontentcontentcontentcontentcontentcontentcontentcontentcontentcontentcontentcontentcontentcontentcontentcontentcontentcontentcontentcontentcontentcontentcontentcontentcontentcontentcontentcontentcontentcontentcontentcontentcontentcontentcontentcontentcontentcontentcontentcontentcontentcontentcontentcontentcontentcontentcontentcontentcontentcontentcontentcontentcontentcontentcontentcontentcontentcontentcontentcontentcontentcontentcontentcontentcontentcontentcontentcontentcontentcontentcontentcontentcontentcontentcontentcontentcontentcontentcontentcontentcontentcontentcontentcontentcontentcontentcontentcontentcontentcontentcontentcontentcontentcontentcontentcontentcontentcontentcontentcontentcontentcontentcontentcontentcontentcontentcontentcontentcontentcontentcontentcontentcontentcontentcontentcontentcontentcontentcontentcontentcontentcontentcontentcontentcontentcontentcontentcontentcontentcontentcontentcontentcontentcontentcontentcontentcontentcontentcontentcontentcontentcontentcontentcontentcontentcontentcontentcontentcontentcontentcontentcontentcontentcontentcontentcontentcontentcontentcontentcontentcontentcontentcontentcontentcontentcontentcontentcontentcontentcontentcontentcontentcontentcontentcontentcontentcontentcontentcontentcontentcontentcontentcontentcontentcontentcontentcontentcontentcontentcontentcontentcontentcontentcontentcontentcontentcontentcontentcontentcontentcontentcontentcontentcontentcontentcontentcontentcontentcontentcontentcontentcontentcontentcontentcontentcontentcontentcontentcontentcontentcontentcontentcontentcontentcontentcontentcontentcontentcontentcontentcontentcontentcontentcontentcontentcontentcontentcontentcontentcontentcontentcontentcontentcontentcontentcontentcontentcontentcontentcontentcontentcontentcontentcontentcontentcontentcontentcontentcontentcontentcontentcontentcontentcontentcontentcontentcontentcontentcontentcontentcontentcontentcontentcontentcontentcontentcontentcontentcontentcontentcontentcontentcontentcontentcontentcontentcontentcontentcontentcontentcontentcontentcontentcontentcontentcontentcontentcontentcontentcontentcontentcontentcontentcontentcontentcontentcontentcontentcontentcontentcontentcontentcontentcontentcontentcontentcontentcontentcontentcontentcontentcontentcontentcontentcontentcontentcontentcontentcontentcontentcontentcontentcontentcontentcontentcontentcontentcontentcontentcontentcontentcontentcontentcontentcontentcontentcontentcontentcontentcontentcontentcontentcontentcontentcontentcontentcontentcontentcontentcontentcontentcontentcontentcontentcontentcontentcontentcontentcontentcontentcontentcontentcontentcontentcontentcontentcontentcontentcontentcontentcontentcontentcontentcontentcontentcontentcontentcontentcontentcontentcontentcontentcontentcontentcontentcontentcontentcontentcontentcontentcontentcontentcontentcontentcontentcontentcontentcontentcontentcontentcontentcontentcontentcontentcontentcontentcontentcontentcontentcontentcontentcontentcontentcontentcontentcontentcontentcontentcontentcontentcontentcontentcontentcontentcontentcontentcontentcontentcontentcontentcontentcontentcontentcontentcontentcontentcontentcontentcontentcontentcontentcontentcontentcontentcontentcontentcontentcontentcontentcontentcontentcontentcontentcontentcontentcontentcontentcontentcontentcontentcontentcontentcontentcontentcontentcontentcontentcontentcontentcontentcontentcontentcontentcontentcontentcontentcontentcontentcontentcontentcontentcontentcontentcontentcontentcontentcontentcontentcontentcontentcontentcontentcontentcontentcontentcontentcontentcontentcontentcontentcontentcontentcontentcontentcontentcontentcontentcontentcontentcontentcontentcontentcontentcontentcontentcontentcontentcontentcontentcontentcontentcontentcontentcontentcontentcontentcontentcontentcontentcontentcontentcontentcontentcontentcontentcontentcontentcontentcontentcontentcontentcontentcontentcontentcontentcontentcontentcontentcontentcontentcontentcontentcontentcontentcontentcontentcontentcontentcontentcontentcontentcontentcontentcontentcontentcontentcontentcontentcontentcontentcontentcontentcontentcontentcontentcontentcontentcontentcontentcontentcontentcontentcontentcontentcontentcontentcontentcontentcontentcontentcontentcontentcontentcontentcontentcontentcontentcontentcontentcontentcontentcontentcontentcontentcontentcontentcontentcontentcontentcontentcontentcontentcontentcontentcontentcontentcontentcontentcontentcontentcontentcontentcontentcontentcontentcontentcontentcontentcontentcontentcontentcontentcontentcontentcontentcontentcontentcontentcontentcontentcontentcontentcontentcontentcontentcontentcontentcontentcontentcontentcontentcontentcontentcontentcontentcontentcontentcontentcontentcontentcontentcontentcontentcontentcontentcontentcontentcontentcontentcontentcontentcontentcontentcontentcontentcontentcontentcontentcontentcontentcontentcontentcontentcontentcontentcontentcontentcontentcontentcontentcontentcontentcontentcontentcontentcontentcontentcontentcontentcontentcontentcontentcontentcontentcontentcontentcontentcontentcontentcontentcontentcontentcontentcontentcontentcontentcontentcontentcontentcontentcontentcontentcontentcontentcontentcontentcontentcontentcontentcontentcontentcontentcontentcontentcontentcontentcontentcontentcontentcontentcontentcontentcontentcontentcontentcontentcontentcontentcontentcontentcontentcontentcontentcontentcontentcontentcontentcontentcontentcontentcontentcontentcontentcontentcontentcontentcontentcontentcontentcontentcontentcontentcontentcontentcontentcontentcontentcontentcontentcontentcontentcontentcontentcontentcontentcontentcontentcontentcontentcontentcontentcontentcontentcontentcontentcontentcontentcontentcontentcontentcontentcontentcontentcontentcontentcontentcontentcontentcontentcontentcontentcontentcontentcontentcontentcontentcontentcontentcontentcontentcontentcontentcontentcontentcontentcontentcontentcontentcontentcontentcontentcontentcontentcontentcontentcontentcontentcontentcontentcontentcontentcontentcontentcontentcontentcontentcontentcontentcontentcontentcontentcontentcontentcontentcontentcontentcontentcontentcontentcontentcontentcontentcontentcontentcontentcontentcontentcontentcontentcontentcontentcontentcontentcontentcontentcontentcontentcontentcontentcontentcontentcontentcontentcontentcontentcontentcontentcontentcontentcontentcontentcontentcontentcontentcontentcontentcontentcontentcontentcontentcontentcontentcontentcontentcontentcontentcontentcontentcontentcontentcontentcontentcontentcontentcontentcontentcontentcontentcontentcontentcontentcontentcontentcontentcontentcontentcontentcontentcontentcontentcontentcontentcontentcontentcontentcontentcontentcontentcontentcontentcontentcontentcontentcontentcontentcontentcontentcontentcontentcontentcontentcontentcontentcontentcontentcontentcontentcontentcontentcontentcontentcontentcontentcontentcontentcontentcontentcontentcontentcontentcontentcontentcontentcontentcontentcontentcontentcontentcontentcontentcontentcontentcontentcontentcontentcontentcontentcontentcontentcontentcontentcontentcontentcontentcontentcontentcontentcontentcontentcontentcontentcontentcontentcontentcontentcontentcontentcontentcontentcontentcontentcontentcontentcontentcontentcontentcontentcontentcontentcontentcontentcontentcontentcontentcontentcontentcontentcontentcontentcontentcontentcontentcontentcontentcontentcontentcontentcontentcontentcontentcontentcontentcontentcontentcontentcontentcontentcontentcontentcontentcontentcontentcontentcontentcontentcontentcontentcontentcontentcontentcontentcontentcontentcontentcontentcontentcontentcontentcontentcontentcontentcontentcontentcontentcontentcontentcontentcontentcontentcontentcontentcontentcontentcontentcontentcontentcontentcontentcontentcontentcontentcontentcontentcontentcontentcontentcontentcontentcontentcontentcontentcontentcontentcontentcontentcontentcontentcontentcontentcontentcontentcontentcontentcontentcontentcontentcontentcontentcontentcontentcontentcontentcontentcontentcontentcontentcontentcontentcontentcontentcontentcontentcontentcontentcontentcontentcontentcontentcontentcontentcontentcontentcontentcontentcontentcontentcontentcontentcontentcontentcontentcontentcontentcontentcontentcontentcontentcontentcontentcontentcontentcontentcontentcontentcontentcontentcontentcontentcontentcontentcontentcontentcontentcontentcontentcontentcontentcontentcontentcontentcontentcontentcontentcontentcontentcontentcontentcontentcontentcontentcontentcontentcontentcontentcontentcontentcontentcontentcontentcontentcontentcontentcontentcontentcontentcontentcontentcontentcontentcontentcontentcontentcontentcontentcontentcontentcontentcontentcontentcontentcontentcontentcontentcontentcontentcontentcontentcontentcontentcontentcontentcontentcontentcontentcontentcontentcontentcontentcontentcontentcontentcontentcontentcontentcontentcontentcontentcontentcontentcontentcontentcontentcontentcontentcontentcontentcontentcontentcontentcontentcontentcontentcontentcontentcontentcontentcontentcontentcontentcontentcontentcontentcontentcontentcontentcontentcontentcontentcontentcontentcontentcontentcontentcontentcontentcontentcontentcontentcontentcontentcontentcontentcontentcontentcontentcontentcontentcontentcontentcontentcontentcontentcontentcontentcontentcontentcontentcontentcontentcontentcontentcontentcontentcontentcontentcontentcontentcontentcontentcontentcontentcontentcontentcontentcontentcontentcontentcontentcontentcontentcontentcontentcontentcontentcontentcontentcontentcontentcontentcontentcontentcontentcontentcontentcontentcontentcontentcontentcontentcontentcontentcontentcontentcontentcontentcontentcontentcontentcontentcontentcontentcontentcontentcontentcontentcontentcontentcontentcontentcontentcontentcontentcontentcontentcontentcontentcontentcontentcontentcontentcontentcontentcontentcontentcontentcontentcontentcontentcontentcontentcontentcontentcontentcontentcontentcontentcontentcontentcontentcontentcontentcontentcontentcontentcontentcontentcontentcontentcontentcontentcontentcontentcontentcontentcontentcontentcontentcontentcontentcontentcontentcontentcontentcontentcontentcontentcontentcontentcontentcontentcontentcontentcontentcontentcontentcontentcontentcontentcontentcontentcontentcontentcontentcontentcontentcontentcontentcontentcontentcontentcontentcontentcontentcontentcontentcontentcontentcontentcontentcontentcontentcontentcontentcontentcontentcontentcontentcontentcontentcontentcontentcontentcontentcontentcontentcontentcontentcontentcontentcontentcontentcontentcontentcontentcontentcontentcontentcontentcontentcontentcontentcontentcontentcontentcontentcontentcontentcontentcontentcontentcontentcontentcontentcontentcontentcontentcontentcontentcontentcontentcontentcontentcontentcontentcontentcontentcontentcontentcontentcontentcontentcontentcontentcontentcontentcontentcontentcontentcontentcontentcontentcontentcontentcontentcontentcontentcontentcontentcontentcontentcontentcontentcontentcontentcontentcontentcontentcontentcontentcontentcontentcontentcontentcontentcontentcontentcontentcontentcontentcontentcontentcontentcontentcontentcontentcontentcontentcontentcontentcontentcontentcontentcontentcontentcontentcontentcontentcontentcontentcontentcontentcontentcontentcontentcontentcontentcontentcontentcontentcontentcontentcontentcontentcontentcontentcontentcontentcontentcontentcontentcontentcontentcontentcontentcontentcontentcontentcontentcontentcontentcontentcontentcontentcontentcontentcontentcontentcontentcontentcontentcontentcontentcontentcontentcontentcontentcontentcontentcontentcontentcontentcontentcontentcontentcontentcontentcontentcontentcontentcontentcontentcontentcontentcontentcontentcontentcontentcontentcontentcontentcontentcontentcontentcontentcontentcontentcontentcontentcontentcontentcontentcontentcontentcontentcontentcontentcontentcontentcontentcontentcontentcontentcontentcontentcontentcontentcontentcontentcontentcontentcontentcontentcontentcontentcontentcontentcontentcontentcontentcontentcontentcontentcontentcontentcontentcontentcontentcontentcontentcontentcontentcontentcontentcontentcontentcontentcontentcontentcontentcontentcontentcontentcontentcontentcontentcontentcontentcontentcontentcontentcontentcontentcontentcontentcontentcontentcontentcontentcontentcontentcontentcontentcontentcontentcontentcontentcontentcontentcontentcontentcontentcontentcontentcontentcontentcontentcontentcontentcontentcontentcontentcontentcontentcontentcontentcontentcontentcontentcontentcontentcontentcontentcontentcontentcontentcontentcontentcontentcontentcontentcontentcontentcontentcontentcontentcontentcontentcontentcontentcontentcontentcontentcontentcontentcontentcontentcontentcontentcontentcontentcontentcontentcontentcontentcontentcontentcontentcontentcontentcontentcontentcontentcontentcontentcontentcontentcontentcontentcontentcontentcontentcontentcontentcontentcontentcontentcontentcontentcontentcontentcontentcontentcontentcontentcontentcontentcontentcontentcontentcontentcontentcontentcontentcontentcontentcontentcontentcontentcontentcontentcontentcontentcontentcontentcontentcontentcontentcontentcontentcontentcontentcontentcontentcontentcontentcontentcontentcontentcontentcontentcontentcontentcontentcontentcontentcontentcontentcontentcontentcontentcontentcontentcontentcontentcontentcontentcontentcontentcontentcontentcontentcontentcontentcontentcontentcontentcontentcontentcontentcontentcontentcontentcontentcontentcontentcontentcontentcontentcontentcontentcontentcontentcontentcontentcontentcontentcontentcontentcontentcontentcontentcontentcontentcontentcontentcontentcontentcontentcontentcontentcontentcontentcontentcontentcontentcontentcontentcontentcontentcontentcontentcontentcontentcontentcontentcontentcontentcontentcontentcontentcontentcontentcontentcontentcontentcontentcontentcontentcontentcontentcontentcontentcontentcontentcontentcontentcontentcontentcontentcontentcontentcontentcontentcontentcontentcontentcontentcontentcontentcontentcontentcontentcontentcontentcontentcontentcontentcontentcontentcontentcontentcontentcontentcontentcontentcontentcontentcontentcontentcontentcontentcontentcontentcontentcontentcontentcontentcontentcontentcontentcontentcontentcontentcontentcontentcontentcontentcontentcontentcontentcontentcontentcontentcontentcontentcontentcontentcontentcontentcontentcontentcontentcontentcontentcontentcontentcontentcontentcontentcontentcontentcontentcontentcontentcontentcontentcontentcontentcontentcontentcontentcontentcontentcontentcontentcontentcontentcontentcontentcontentcontentcontentcontentcontentcontentcontentcontentcontentcontentcontentcontentcontentcontentcontentcontentcontentcontentcontentcontentcontentcontentcontentcontentcontentcontentcontentcontentcontentcontentcontentcontentcontentcontentcontentcontentcontentcontentcontentcontentcontentcontentcontentcontentcontentcontentcontentcontentcontentcontentcontentcontentcontentcontentcontentcontentcontentcontentcontentcontentcontentcontentcontentcontentcontentcontentcontentcontentcontentcontentcontentcontentcontentcontentcontentcontentcontentcontentcontentcontentcontentcontentcontentcontentcontentcontentcontentcontentcontentcontentcontentcontentcontentcontentcontentcontentcontentcontentcontentcontentcontentcontentcontentcontentcontentcontentcontentcontentcontentcontentcontentcontentcontentcontentcontentcontentcontentcontentcontentcontentcontentcontentcontentcontentcontentcontentcontentcontentcontentcontentcontentcontentcontentcontentcontentcontentcontentcontentcontentcontentcontentcontentcontentcontentcontentcontentcontentcontentcontentcontentcontentcontentcontentcontentcontentcontentcontentcontentcontentcontentcontentcontentcontentcontentcontentcontentcontentcontentcontentcontentcontentcontentcontentcontentcontentcontentcontentcontentcontentcontentcontentcontentcontentcontentcontentcontentcontentcontentcontentcontentcontentcontentcontentcontentcontentcontentcontentcontentcontentcontentcontentcontentcontentcontentcontentcontentcontentcontentcontentcontentcontentcontentcontentcontentcontentcontentcontentcontentcontentcontentcontentcontentcontentcontentcontentcontentcontentcontentcontentcontentcontentcontentcontentcontentcontentcontentcontentcontentcontentcontentcontentcontentcontentcontentcontentcontentcontentcontentcontentcontentcontentcontentcontentcontentcontentcontentcontentcontentcontentcontentcontentcontentcontentcontentcontentcontentcontentcontentcontentcontentcontentcontentcontentcontentcontentcontentcontentcontentcontentcontentcontentcontentcontentcontentcontentcontentcontentcontentcontentcontentcontentcontentcontentcontentcontentcontentcontentcontentcontentcontentcontentcontentcontentcontentcontentcontentcontentcontentcontentcontentcontentcontentcontentcontentcontentcontentcontentcontentcontentcontentcontentcontentcontentcontentcontentcontentcontentcontentcontentcontentcontentcontentcontentcontentcontentcontentcontentcontentcontentcontentcontentcontentcontentcontentcontentcontentcontentcontentcontentcontentcontentcontentcontentcontentcontentcontentcontentcontentcontentcontentcontentcontentcontentcontentcontentcontentcontentcontentcontentcontentcontentcontentcontentcontentcontentcontentcontentcontentcontentcontentcontentcontentcontentcontentcontentcontentcontentcontentcontentcontentcontentcontentcontentcontentcontentcontentcontentcontentcontentcontentcontentcontentcontentcontentcontentcontentcontentcontentcontentcontentcontentcontentcontentcontentcontentcontentcontentcontentcontentcontentcontentcontentcontentcontentcontentcontentcontentcontentcontentcontentcontentcontentcontentcontentcontentcontentcontentcontentcontentcontentcontentcontentcontentcontentcontentcontentcontentcontentcontentcontentcontentcontentcontentcontentcontentcontentcontentcontentcontentcontentcontentcontentcontentcontentcontentcontentcontentcontentcontentcontentcontentcontentcontentcontentcontentcontentcontentcontentcontentcontentcontentcontentcontentcontentcontentcontentcontentcontentcontentcontentcontentcontentcontentcontentcontentcontentcontentcontentcontentcontentcontentcontentcontentcontentcontentcontentcontentcontentcontentcontentcontentcontentcontentcontentcontentcontentcontentcontentcontentcontentcontentcontentcontentcontentcontentcontentcontentcontentcontentcontentcontentcontentcontentcontentcontentcontentcontentcontentcontentcontentcontentcontentcontentcontentcontentcontentcontentcontentcontentcontentcontentcontentcontentcontentcontentcontentcontentcontentcontentcontentcontentcontentcontentcontentcontentcontentcontentcontentcontentcontentcontentcontentcontentcontentcontentcontentcontentcontentcontentcontentcontentcontentcontentcontentcontentcontentcontentcontentcontentcontentcontentcontentcontentcontentcontentcontentcontentcontentcontentcontentcontentcontentcontentcontentcontentcontentcontentcontentcontentcontentcontentcontentcontentcontentcontentcontentcontentcontentcontentcontentcontentcontentcontentcontentcontentcontentcontentcontentcontentcontentcontentcontentcontentcontentcontentcontentcontentcontentcontentcontentcontentcontentcontentcontentcontentcontentcontentcontentcontentcontentcontentcontentcontentcontentcontentcontentcontentcontentcontentcontentcontentcontentcontentcontentcontentcontentcontentcontentcontentcontentcontentcontentcontentcontentcontentcontentcontentcontentcontentcontentcontentcontentcontentcontentcontentcontentcontentcontentcontentcontentcontentcontentcontentcontentcontentcontentcontentcontentcontentcontentcontentcontentcontentcontentcontentcontentcontentcontentcontentcontentcontentcontentcontentcontentcontentcontentcontentcontentcontentcontentcontentcontentcontentcontentcontentcontentcontentcontentcontentcontentcontentcontentcontentcontentcontentcontentcontentcontentcontentcontentcontentcontentcontentcontentcontentcontentcontentcontentcontentcontentcontentcontentcontentcontentcontentcontentcontentcontentcontentcontentcontentcontentcontentcontentcontentcontentcontentcontentcontentcontentcontentcontentcontentcontentcontentcontentcontentcontentcontentcontentcontentcontentcontentcontentcontentcontentcontentcontentcontentcontentcontentcontentcontentcontentcontentcontentcontentcontentcontentcontentcontentcontentcontentcontentcontentcontentcontentcontentcontentcontentcontentcontentcontentcontentcontentcontentcontentcontentcontentcontentcontentcontentcontentcontentcontentcontentcontentcontentcontentcontentcontentcontentcontentcontentcontentcontentcontentcontentcontentcontentcontentcontentcontentcontentcontentcontentcontentcontentcontentcontentcontentcontentcontentcontentcontentcontentcontentcontentcontentcontentcontentcontentcontentcontentcontentcontentcontentcontentcontentcontentcontentcontentcontentcontentcontentcontentcontentcontentcontentcontentcontentcontentcontentcontentcontentcontentcontentcontentcontentcontentcontentcontentcontentcontentcontentcontentcontentcontentcontentcontentcontentcontentcontentcontentcontentcontentcontentcontentcontentcontentcontentcontentcontentcontentcontentcontentcontentcontentcontentcontentcontentcontentcontentcontentcontentcontentcontentcontentcontentcontentcontentcontentcontentcontentcontentcontentcontentcontentcontentcontentcontentcontentcontentcontentcontentcontentcontentcontentcontentcontentcontentcontentcontentcontentcontentcontentcontentcontentcontentcontentcontentcontentcontentcontentcontentcontentcontentcontentcontentcontentcontentcontentcontentcontentcontentcontentcontentcontentcontentcontentcontentcontentcontentcontentcontentcontentcontentcontentcontentcontentcontentcontentcontentcontentcontentcontentcontentcontentcontentcontentcontentcontentcontentcontentcontentcontentcontentcontentcontentcontentcontentcontentcontentcontentcontentcontentcontentcontentcontentcontentcontentcontentcontentcontentcontentcontentcontentcontentcontentcontentcontentcontentcontentcontentcontentcontentcontentcontentcontentcontentcontentcontentcontentcontentcontentcontentcontentcontentcontentcontentcontentcontentcontentcontentcontentcontentcontentcontentcontentcontentcontentcontentcontentcontentcontentcontentcontentcontentcontentcontentcontentcontentcontentcontentcontentcontentcontentcontentcontentcontentcontentcontentcontentcontentcontentcontentcontentcontentcontentcontentcontentcontentcontentcontentcontentcontentcontentcontentcontentcontentcontentcontentcontentcontentcontentcontentcontentcontentcontentcontentcontentcontentcontentcontentcontentcontentcontentcontentcontentcontentcontentcontentcontentcontentcontentcontentcontentcontentcontentcontentcontentcontentcontentcontentcontentcontentcontentcontentcontentcontentcontentcontentcontentcontentcontentcontentcontentcontentcontentcontentcontentcontentcontentcontentcontentcontentcontentcontentcontentcontentcontentcontentcontentcontentcontentcontentcontentcontentcontentcontentcontentcontentcontentcontentcontentcontentcontentcontentcontentcontentcontentcontentcontentcontentcontentcontentcontentcontentcontentcontentcontentcontentcontentcontentcontentcontentcontentcontentcontentcontentcontentcontentcontentcontentcontentcontentcontentcontentcontentcontentcontentcontentcontentcontentcontentcontentcontentcontentcontentcontentcontentcontentcontentcontentcontentcontentcontentcontentcontentcontentcontentcontentcontentcontentcontentcontentcontentcontentcontentcontentcontentcontentcontentcontentcontentcontentcontentcontentcontentcontentcontentcontentcontentcontentcontentcontentcontentcontentcontentcontentcontentcontentcontentcontentcontentcontentcontentcontentcontentcontentcontentcontentcontentcontentcontentcontentcontentcontentcontentcontentcontentcontentcontentcontentcontentcontentcontentcontentcontentcontentcontentcontentcontentcontentcontentcontentcontentcontentcontentcontentcontentcontentcontentcontentcontentcontentcontentcontentcontentcontentcontentcontentcontentcontentcontentcontentcontentcontentcontentcontentcontentcontentcontentcontentcontentcontentcontentcontentcontentcontentcontentcontentcontentcontentcontentcontentcontentcontentcontentcontentcontentcontentcontentcontentcontentcontentcontentcontentcontentcontentcontentcontentcontentcontentcontentcontentcontentcontentcontentcontentcontentcontentcontentcontentcontentcontentcontentcontentcontentcontentcontentcontentcontentcontentcontentcontentcontentcontentcontentcontentcontentcontentcontentcontentcontentcontentcontentcontentcontentcontentcontentcontentcontentcontentcontentcontentcontentcontentcontentcontentcontentcontentcontentcontentcontentcontentcontentcontentcontentcontentcontentcontentcontentcontentcontentcontentcontentcontentcontentcontentcontentcontentcontentcontentcontentcontentcontentcontentcontentcontentcontentcontentcontentcontentcontentcontentcontentcontentcontentcontentcontentcontentcontentcontentcontentcontentcontentcontentcontentcontentcontentcontentcontentcontentcontentcontentcontentcontentcontentcontentcontentcontentcontentcontentcontentcontentcontentcontentcontentcontentcontentcontentcontentcontentcontentcontentcontentcontentcontentcontentcontentcontentcontentcontentcontentcontentcontentcontentcontentcontentcontentcontentcontentcontentcontentcontentcontentcontentcontentcontentcontentcontentcontentcontentcontentcontentcontentcontentcontentcontentcontentcontentcontentcontentcontentcontentcontentcontentcontentcontentcontentcontentcontentcontentcontentcontentcontentcontentcontentcontentcontentcontentcontentcontentcontentcontentcontentcontentcontentcontentcontentcontentcontentcontentcontentcontentcontentcontentcontentcontentcontentcontentcontentcontentcontentcontentcontentcontentcontentcontentcontentcontentcontentcontentcontentcontentcontentcontentcontentcontentcontentcontentcontentcontentcontentcontentcontentcontentcontentcontentcontentcontentcontentcontentcontentcontentcontentcontentcontentcontentcontentcontentcontentcontentcontentcontentcontentcontentcontentcontentcontentcontentcontentcontentcontentcontentcontentcontentcontentcontentcontentcontentcontentntentcontentcontentcontentcontentcontentcontentcontentcontentcontentcontentcontentcontentcontentcontentcontentcontentcontentcontentcontentcontentcontentcontentcontentcontentcontentcontentcontentcontentcontentcontentcontentcontentcontentcontentcontentcontentcontentcontentcontentcontentcontentcontentcontentcontentcontentcontentcontentcontentcontentcontentcontentcontentcontentcontentcontentcontentcontentcontentcontentcontentcontentcontentcontentcontentcontentcontentcontentcontentcontentcontentcontentcontentcontentcontentcontentcontentcontentcontentcontentcontentcontentcontentcontentcontentcontentcontentcontentcontentcontentcontentcontentcontentcontentcontentcontentcontentcontentcontentcontentcontentcontentcontentcontentcontentcontentcontentcontentcontentcontentcontentcontentcontentcontentcontentcontentcontentcontentcontentcontentcontentcontentcontentcontentcontentcontentcontentcontentcontentcontentcontentcontentcontentcontentcontentcontentcontentcontentcontentcontentcontentcontentcontentcontentcontentcontentcontentcontentcontentcontentcontentcontentcontentcontentcontentcontentcontentcontentcontentcontentcontentcontentcontentcontentcontentcontentcontentcontentcontentcontentcontentcontentcontentcontentcontentcontentcontentcontentcontentcontentcontentcontentcontentcontentcontentcontentcontentcontentcontentcontentcontentcontentcontentcontentcontentcontentcontentcontentcontentcontentcontentcontentcontentcontentcontentcontentcontentcontentcontentcontentcontentcontentcontentcontentcontentcontentcontentcontentcontentcontentcontentcontentcontentcontentcontentcontentcontentcontentcontentcontentcontentcontentcontentcontentcontentcontentcontentcontentcontentcontentcontentcontentcontentcontentcontentcontentcontentcontentcontentcontentcontentcontentcontentcontentcontentcontentcontentcontentcontentcontentcontentcontentcontentcontentcontentcontentcontentcontentcontentcontentcontentcontentcontentcontentcontentcontentcontentcontentcontentcontentcontentcontentcontentcontentcontentcontentcontentcontentcontentcontentcontentcontentcontentcontentcontentcontentcontentcontentcontentcontentcontentcontentcontentcontentcontentcontentcontentcontentcontentcontentcontentcontentcontentcontentcontentcontentcontentcontentcontentcontentcontentcontentcontentcontentcontentcontentcontentcontentcontentcontentcontentcontentcontentcontentcontentcontentcontentcontentcontentcontentcontentcontentcontentcontentcontentcontentcontentcontentcontentcontentcontentcontentcontentcontentcontentcontentcontentcontentcontentcontentcontentcontentcontentcontentcontentcontentcontentcontentcontentcontentcontentcontentcontentcontentcontentcontentcontentcontentcontentcontentcontentcontentcontentcontentcontentcontentcontentcontentcontentcontentcontentcontentcontentcontentcontentcontentcontentcontentcontentcontentcontentcontentcontentcontentcontentcontentcontentcontentcontentcontentcontentcontentcontentcontentcontentcontentcontentcontentcontentcontentcontentcontentcontentcontentcontentcontentcontentcontentcontentcontentcontentcontentcontentcontentcontentcontentcontentcontentcontentcontentcontentcontentcontentcontentcontentcontentcontentcontentcontentcontentcontentcontentcontentcontentcontentcontentcontentcontentcontentcontentcontentcontentcontentcontentcontentcontentcontentcontentcontentcontentcontentcontentcontentcontentcontentcontentcontentcontentcontentcontentcontentcontentcontentcontentcontentcontentcontentcontentcontentcontentcontentcontentcontentcontentcontentcontentcontentcontentcontentcontentcontentcontentcontentcontentcontentcontentcontentcontentcontentcontentcontentcontentcontentcontentcontentcontentcontentcontentcontentcontentcontentcontentcontentcontentcontentcontentcontentcontentcontentcontentcontentcontentcontentcontentcontentcontentcontentcontentcontentcontentcontentcontentcontentcontentcontentcontentcontentcontentcontentcontentcontentcontentcontentcontentcontentcontentcontentcontentcontentcontentcontentcontentcontentcontentcontentcontentcontentcontentcontentcontentcontentcontentcontentcontentcontentcontentcontentcontentcontentcontentcontentcontentcontentcontentcontentcontentcontentcontentcontentcontentcontentcontentcontentcontentcontentcontentcontentcontentcontentcontentcontentcontent', 'bg.png', '2024-08-21', 1);
INSERT INTO `announcements` (`id`, `title`, `category`, `content`, `image`, `posting_date`, `status`) VALUES
(136, 'App LOGO', 'announcement', 'This is the app logo\r\nThis is the app logo\r\nThis is the app logo\r\nThis is the app logo', '9Z_2104.w013.n001.456B.p30 1.png', '2024-10-13', 1),
(137, 'test', 'event', 'test', '462538955_1205085344110338_5246603993995425688_n.jpg', '2024-10-13', 1);
INSERT INTO `announcements` (`id`, `title`, `category`, `content`, `image`, `posting_date`, `status`) VALUES
(138, 'Sample Announcement', 'announcement', 'contentcontentcontentcontentcontentcontentcontentcontentcontentcontentcontentcontentcontentcontentcontentcontentcontentcontentcontentcontentcontentcontentcontentcontentcontentcontentcontentcontentcontentcontentcontentcontentcontentcontentcontentcontentcontentcontentcontentcontentcontentcontentcontentcontentcontentcontentcontentcontentcontentcontentcontentcontentcontentcontentcontentcontentcontentcontentcontentcontentcontentcontentcontentcontentcontentcontentcontentcontentcontentcontentcontentcontentcontentcontentcontentcontentcontentcontentcontentcontentcontentcontentcontentcontentcontentcontentcontentcontentcontentcontentcontentcontentcontentcontentcontentcontentcontentcontentcontentcontentcontentcontentcontentcontentcontentcontentcontentcontentcontentcontentcontentcontentcontentcontentcontentcontentcontentcontentcontentcontentcontentcontentcontentcontentcontentcontentcontentcontentcontentcontentcontentcontentcontentcontentcontentcontentcontentcontentcontentcontentcontentcontentcontentcontentcontentcontentcontentcontentcontentcontentcontentcontentcontentcontentcontentcontentcontentcontentcontentcontentcontentcontentcontentcontentcontentcontentcontentcontentcontentcontentcontentcontentcontentcontentcontentcontentcontentcontentcontentcontentcontentcontentcontentcontentcontentcontentcontentcontentcontentcontentcontentcontentcontentcontentcontentcontentcontentcontentcontentcontentcontentcontentcontentcontentcontentcontentcontentcontentcontentcontentcontentcontentcontentcontentcontentcontentcontentcontentcontentcontentcontentcontentcontentcontentcontentcontentcontentcontentcontentcontentcontentcontentcontentcontentcontentcontentcontentcontentcontentcontentcontentcontentcontentcontentcontentcontentcontentcontentcontentcontentcontentcontentcontentcontentcontentcontentcontentcontentcontentcontentcontentcontentcontentcontentcontentcontentcontentcontentcontentcontentcontentcontentcontentcontentcontentcontentcontentcontentcontentcontentcontentcontentcontentcontentcontentcontentcontentcontentcontentcontentcontentcontentcontentcontentcontentcontentcontentcontentcontentcontentcontentcontentcontentcontentcontentcontentcontentcontentcontentcontentcontentcontentcontentcontentcontentcontentcontentcontentcontentcontentcontentcontentcontentcontentcontentcontentcontentcontentcontentcontentcontentcontentcontentcontentcontentcontentcontentcontentcontentcontentcontentcontentcontentcontentcontentcontentcontentcontentcontentcontentcontentcontentcontentcontentcontentcontentcontentcontentcontentcontentcontentcontentcontentcontentcontentcontentcontentcontentcontentcontentcontentcontentcontentcontentcontentcontentcontentcontentcontentcontentcontentcontentcontentcontentcontentcontentcontentcontentcontentcontentcontentcontentcontentcontentcontentcontentcontentcontentcontentcontentcontentcontentcontentcontentcontentcontentcontentcontentcontentcontentcontentcontentcontentcontentcontentcontentcontentcontentcontentcontentcontentcontentcontentcontentcontentcontentcontentcontentcontentcontentcontentcontentcontentcontentcontentcontentcontentcontentcontentcontentcontentcontentcontentcontentcontentcontentcontentcontentcontentcontentcontentcontentcontentcontentcontentcontentcontentcontentcontentcontentcontentcontentcontentcontentcontentcontentcontentcontentcontentcontentcontentcontentcontentcontentcontentcontentcontentcontentcontentcontentcontentcontentcontentcontentcontentcontentcontentcontentcontentcontentcontentcontentcontentcontentcontentcontentcontentcontentcontentcontentcontentcontentcontentcontentcontentcontentcontentcontentcontentcontentcontentcontentcontentcontentcontentcontentcontentcontentcontentcontentcontentcontentcontentcontentcontentcontentcontentcontentcontentcontentcontentcontentcontentcontentcontentcontentcontentcontentcontentcontentcontentcontentcontentcontentcontentcontentcontentcontentcontentcontentcontentcontentcontentcontentcontentcontentcontentcontentcontentcontentcontentcontentcontentcontentcontentcontentcontentcontentcontentcontentcontentcontentcontentcontentcontentcontentcontentcontentcontentcontentcontentcontentcontentcontentcontentcontentcontentcontentcontentcontentcontentcontentcontentcontentcontentcontentcontentcontentcontentcontentcontentcontentcontentcontentcontentcontentcontentcontentcontentcontentcontentcontentcontentcontentcontentcontentcontentcontentcontentcontentcontentcontentcontentcontentcontentcontentcontentcontentcontentcontentcontentcontentcontentcontentcontentcontentcontentcontentcontentcontentcontentcontentcontentcontentcontentcontentcontentcontentcontentcontentcontentcontentcontentcontentcontentcontentcontentcontentcontentcontentcontentcontentcontentcontentcontentcontentcontentcontentcontentcontentcontentcontentcontentcontentcontentcontentcontentcontentcontentcontentcontentcontentcontentcontentcontentcontentcontentcontentcontentcontentcontentcontentcontentcontentcontentcontentcontentcontentcontentcontentcontentcontentcontentcontentcontentcontentcontentcontentcontentcontentcontentcontentcontentcontentcontentcontentcontentcontentcontentcontentcontentcontentcontentcontentcontentcontentcontentcontentcontentcontentcontentcontentcontentcontentcontentcontentcontentcontentcontentcontentcontentcontentcontentcontentcontentcontentcontentcontentcontentcontentcontentcontentcontentcontentcontentcontentcontentcontentcontentcontentcontentcontentcontentcontentcontentcontentcontentcontentcontentcontentcontentcontentcontentcontentcontentcontentcontentcontentcontentcontentcontentcontentcontentcontentcontentcontentcontentcontentcontentcontentcontentcontentcontentcontentcontentcontentcontentcontentcontentcontentcontentcontentcontentcontentcontentcontentcontentcontentcontentcontentcontentcontentcontentcontentcontentcontentcontentcontentcontentcontentcontentcontentcontentcontentcontentcontentcontentcontentcontentcontentcontentcontentcontentcontentcontentcontentcontentcontentcontentcontentcontentcontentcontentcontentcontentcontentcontentcontentcontentcontentcontentcontentcontentcontentcontentcontentcontentcontentcontentcontentcontentcontentcontentcontentcontentcontentcontentcontentcontentcontentcontentcontentcontentcontentcontentcontentcontentcontentcontentcontentcontentcontentcontentcontentcontentcontentcontentcontentcontentcontentcontentcontentcontentcontentcontentcontentcontentcontentcontentcontentcontentcontentcontentcontentcontentcontentcontentcontentcontentcontentcontentcontentcontentcontentcontentcontentcontentcontentcontentcontentcontentcontentcontentcontentcontentcontentcontentcontentcontentcontentcontentcontentcontentcontentcontentcontentcontentcontentcontentcontentcontentcontentcontentcontentcontentcontentcontentcontentcontentcontentcontentcontentcontentcontentcontentcontentcontentcontentcontentcontentcontentcontentcontentcontentcontentcontentcontentcontentcontentcontentcontentcontentcontentcontentcontentcontentcontentcontentcontentcontentcontentcontentcontentcontentcontentcontentcontentcontentcontentcontentcontentcontentcontentcontentcontentcontentcontentcontentcontentcontentcontentcontentcontentcontentcontentcontentcontentcontentcontentcontentcontentcontentcontentcontentcontentcontentcontentcontentcontentcontentcontentcontentcontentcontentcontentcontentcontentcontentcontentcontentcontentcontentcontentcontentcontentcontentcontentcontentcontentcontentcontentcontentcontentcontentcontentcontentcontentcontentcontentcontentcontentcontentcontentcontentcontentcontentcontentcontentcontentcontentcontentcontentcontentcontentcontentcontentcontentcontentcontentcontentcontentcontentcontentcontentcontentcontentcontentcontentcontentcontentcontentcontentcontentcontentcontentcontentcontentcontentcontentcontentcontentcontentcontentcontentcontentcontentcontentcontentcontentcontentcontentcontentcontentcontentcontentcontentcontentcontentcontentcontentcontentcontentcontentcontentcontentcontentcontentcontentcontentcontentcontentcontentcontentcontentcontentcontentcontentcontentcontentcontentcontentcontentcontentcontentcontentcontentcontentcontentcontentcontentcontentcontentcontentcontentcontentcontentcontentcontentcontentcontentcontentcontentcontentcontentcontentcontentcontentcontentcontentcontentcontentcontentcontentcontentcontentcontentcontentcontentcontentcontentcontentcontentcontentcontentcontentcontentcontentcontentcontentcontentcontentcontentcontentcontentcontentcontentcontentcontentcontentcontentcontentcontentcontentcontentcontentcontentcontentcontentcontentcontentcontentcontentcontentcontentcontentcontentcontentcontentcontentcontentcontentcontentcontentcontentcontentcontentcontentcontentcontentcontentcontentcontentcontentcontentcontentcontentcontentcontentcontentcontentcontentcontentcontentcontentcontentcontentcontentcontentcontentcontentcontentcontentcontentcontentcontentcontentcontentcontentcontentcontentcontentcontentcontentcontentcontentcontentcontentcontentcontentcontentcontentcontentcontentcontentcontentcontentcontentcontentcontentcontentcontentcontentcontentcontentcontentcontentcontentcontentcontentcontentcontentcontentcontentcontentcontentcontentcontentcontentcontentcontentcontentcontentcontentcontentcontentcontentcontentcontentcontentcontentcontentcontentcontentcontentcontentcontentcontentcontentcontentcontentcontentcontentcontentcontentcontentcontentcontentcontentcontentcontentcontentcontentcontentcontentcontentcontentcontentcontentcontentcontentcontentcontentcontentcontentcontentcontentcontentcontentcontentcontentcontentcontentcontentcontentcontentcontentcontentcontentcontentcontentcontentcontentcontentcontentcontentcontentcontentcontentcontentcontentcontentcontentcontentcontentcontentcontentcontentcontentcontentcontentcontentcontentcontentcontentcontentcontentcontentcontentcontentcontentcontentcontentcontentcontentcontentcontentcontentcontentcontentcontentcontentcontentcontentcontentcontentcontentcontentcontentcontentcontentcontentcontentcontentcontentcontentcontentcontentcontentcontentcontentcontentcontentcontentcontentcontentcontentcontentcontentcontentcontentcontentcontentcontentcontentcontentcontentcontentcontentcontentcontentcontentcontentcontentcontentcontentcontentcontentcontentcontentcontentcontentcontentcontentcontentcontentcontentcontentcontentcontentcontentcontentcontentcontentcontentcontentcontentcontentcontentcontentcontentcontentcontentcontentcontentcontentcontentcontentcontentcontentcontentcontentcontentcontentcontentcontentcontentcontentcontentcontentcontentcontentcontentcontentcontentcontentcontentcontentcontentcontentcontentcontentcontentcontentcontentcontentcontentcontentcontentcontentcontentcontentcontentcontentcontentcontentcontentcontentcontentcontentcontentcontentcontentcontentcontentcontentcontentcontentcontentcontentcontentcontentcontentcontentcontentcontentcontentcontentcontentcontentcontentcontentcontentcontentcontentcontentcontentcontentcontentcontentcontentcontentcontentcontentcontentcontentcontentcontentcontentcontentcontentcontentcontentcontentcontentcontentcontentcontentcontentcontentcontentcontentcontentcontentcontentcontentcontentcontentcontentcontentcontentcontentcontentcontentcontentcontentcontentcontentcontentcontentcontentcontentcontentcontentcontentcontentcontentcontentcontentcontentcontentcontentcontentcontentcontentcontentcontentcontentcontentcontentcontentcontentcontentcontentcontentcontentcontentcontentcontentcontentcontentcontentcontentcontentcontentcontentcontentcontentcontentcontentcontentcontentcontentcontentcontentcontentcontentcontentcontentcontentcontentcontentcontentcontentcontentcontentcontentcontentcontentcontentcontentcontentcontentcontentcontentcontentcontentcontentcontentcontentcontentcontentcontentcontentcontentcontentcontentcontentcontentcontentcontentcontentcontentcontentcontentcontentcontentcontentcontentcontentcontentcontentcontentcontentcontentcontentcontentcontentcontentcontentcontentcontentcontentcontentcontentcontentcontentcontentcontentcontentcontentcontentcontentcontentcontentcontentcontentcontentcontentcontentcontentcontentcontentcontentcontentcontentcontentcontentcontentcontentcontentcontentcontentcontentcontentcontentcontentcontentcontentcontentcontentcontentcontentcontentcontentcontentcontentcontentcontentcontentcontentcontentcontentcontentcontentcontentcontentcontentcontentcontentcontentcontentcontentcontentcontentcontentcontentcontentcontentcontentcontentcontentcontentcontentcontentcontentcontentcontentcontentcontentcontentcontentcontentcontentcontentcontentcontentcontentcontentcontentcontentcontentcontentcontentcontentcontentcontentcontentcontentcontentcontentcontentcontentcontentcontentcontentcontentcontentcontentcontentcontentcontentcontentcontentcontentcontentcontentcontentcontentcontentcontentcontentcontentcontentcontentcontentcontentcontentcontentcontentcontentcontentcontentcontentcontentcontentcontentcontentcontentcontentcontentcontentcontentcontentcontentcontentcontentcontentcontentcontentcontentcontentcontentcontentcontentcontentcontentcontentcontentcontentcontentcontentcontentcontentcontentcontentcontentcontentcontentcontentcontentcontentcontentcontentcontentcontentcontentcontentcontentcontentcontentcontentcontentcontentcontentcontentcontentcontentcontentcontentcontentcontentcontentcontentcontentcontentcontentcontentcontentcontentcontentcontentcontentcontentcontentcontentcontentcontentcontentcontentcontentcontentcontentcontentcontentcontentcontentcontentcontentcontentcontentcontentcontentcontentcontentcontentcontentcontentcontentcontentcontentcontentcontentcontentcontentcontentcontentcontentcontentcontentcontentcontentcontentcontentcontentcontentcontentcontentcontentcontentcontentcontentcontentcontentcontentcontentcontentcontentcontentcontentcontentcontentcontentcontentcontentcontentcontentcontentcontentcontentcontentcontentcontentcontentcontentcontentcontentcontentcontentcontentcontentcontentcontentcontentcontentcontentcontentcontentcontentcontentcontentcontentcontentcontentcontentcontentcontentcontentcontentcontentcontentcontentcontentcontentcontentcontentcontentcontentcontentcontentcontentcontentcontentcontentcontentcontentcontentcontentcontentcontentcontentcontentcontentcontentcontentcontentcontentcontentcontentcontentcontentcontentcontentcontentcontentcontentcontentcontentcontentcontentcontentcontentcontentcontentcontentcontentcontentcontentcontentcontentcontentcontentcontentcontentcontentcontentcontentcontentcontentcontentcontentcontentcontentcontentcontentcontentcontentcontentcontentcontentcontentcontentcontentcontentcontentcontentcontentcontentcontentcontentcontentcontentcontentcontentcontentcontentcontentcontentcontentcontentcontentcontentcontentcontentcontentcontentcontentcontentcontentcontentcontentcontentcontentcontentcontentcontentcontentcontentcontentcontentcontentcontentcontentcontentcontentcontentcontentcontentcontentcontentcontentcontentcontentcontentcontentcontentcontentcontentcontentcontentcontentcontentcontentcontentcontentcontentcontentcontentcontentcontentcontentcontentcontentcontentcontentcontentcontentcontentcontentcontentcontentcontentcontentcontentcontentcontentcontentcontentcontentcontentcontentcontentcontentcontentcontentcontentcontentcontentcontentcontentcontentcontentcontentcontentcontentcontentcontentcontentcontentcontentcontentcontentcontentcontentcontentcontentcontentcontentcontentcontentcontentcontentcontentcontentcontentcontentcontentcontentcontentcontentcontentcontentcontentcontentcontentcontentcontentcontentcontentcontentcontentcontentcontentcontentcontentcontentcontentcontentcontentcontentcontentcontentcontentcontentcontentcontentcontentcontentcontentcontentcontentcontentcontentcontentcontentcontentcontentcontentcontentcontentcontentcontentcontentcontentcontentcontentcontentcontentcontentcontentcontentcontentcontentcontentcontentcontentcontentcontentcontentcontentcontentcontentcontentcontentcontentcontentcontentcontentcontentcontentcontentcontentcontentcontentcontentcontentcontentcontentcontentcontentcontentcontentcontentcontentcontentcontentcontentcontentcontentcontentcontentcontentcontentcontentcontentcontentcontentcontentcontentcontentcontentcontentcontentcontentcontentcontentcontentcontentcontentcontentcontentcontentcontentcontentcontentcontentcontentcontentcontentcontentcontentcontentcontentcontentcontentcontentcontentcontentcontentcontentcontentcontentcontentcontentcontentcontentcontentcontentcontentcontentcontentcontentcontentcontentcontentcontentcontentcontentcontentcontentcontentcontentcontentcontentcontentcontentcontentcontentcontentcontentcontentcontentcontentcontentcontentcontentcontentcontentcontentcontentcontentcontentcontentcontentcontentcontentcontentcontentcontentcontentcontentcontentcontentcontentcontentcontentcontentcontentcontentcontentcontentcontentcontentcontentcontentcontentcontentcontentcontentcontentcontentcontentcontentcontentcontentcontentcontentcontentcontentcontentcontentcontentcontentcontentcontentcontentcontentcontentcontentcontentcontentcontentcontentcontentcontentcontentcontentcontentcontentcontentcontentcontentcontentcontentcontentcontentcontentcontentcontentcontentcontentcontentcontentcontentcontentcontentcontentcontentcontentcontentcontentcontentcontentcontentcontentcontentcontentcontentcontentcontentcontentcontentcontentcontentcontentcontentcontentcontentcontentcontentcontentcontentcontentcontentcontentcontentcontentcontentcontentcontentcontentcontentcontentcontentcontentcontentcontentcontentcontentcontentcontentcontentcontentcontentcontentcontentcontentcontentcontentcontentcontentcontentcontentcontentcontentcontentcontentcontentcontentcontentcontentcontentcontentcontentcontentcontentcontentcontentcontentcontentcontentcontentcontentcontentcontentcontentcontentcontentcontentcontentcontentcontentcontentcontentcontentcontentcontentcontentcontentcontentcontentcontentcontentcontentcontentcontentcontentcontentcontentcontentcontentcontentcontentcontentcontentcontentcontentcontentcontentcontentcontentcontentcontentcontentcontentcontentcontentcontentcontentcontentcontentcontentcontentcontentcontentcontentcontentcontentcontentcontentcontentcontentcontentcontentcontentcontentcontentcontentcontentcontentcontentcontentcontentcontentcontentcontentcontentcontentcontentcontentcontentcontentcontentcontentcontentcontentcontentcontentcontentcontentcontentcontentcontentcontentcontentcontentcontentcontentcontentcontentcontentcontentcontentcontentcontentcontentcontentcontentcontentcontentcontentcontentcontentcontentcontentcontentcontentcontentcontentcontentcontentcontentcontentcontentcontentcontentcontentcontentcontentcontentcontentcontentcontentcontentcontentcontentcontentcontentcontentcontentcontentcontentcontentcontentcontentcontentcontentcontentcontentcontentcontentcontentcontentcontentcontentcontentcontentcontentcontentcontentcontentcontentcontentcontentcontentcontentcontentcontentcontentcontentcontentcontentcontentcontentcontentcontentcontentcontentcontentcontentcontentcontentcontentcontentcontentcontentcontentcontentcontentcontentcontentcontentcontentcontentcontentcontentcontentcontentcontentcontentcontentcontentcontentcontentcontentcontentcontentcontentcontentcontentcontentcontentcontentcontentcontentcontentcontentcontentcontentcontentcontentcontentcontentcontentcontentcontentcontentcontentcontentcontentcontentcontentcontentcontentcontentcontentcontentcontentcontentcontentcontentcontentcontentcontentcontentcontentcontentcontentcontentcontentcontentcontentcontentcontentcontentcontentcontentcontentcontentcontentcontentcontentcontentcontentcontentcontentcontentcontentcontentcontentcontentcontentcontentcontentcontentcontentcontentcontentcontentcontentcontentcontentcontentcontentcontentcontentcontentcontentcontentcontentcontentcontentcontentcontentcontentcontentcontentcontentcontentcontentcontentcontentcontentcontentcontentcontentcontentcontentcontentcontentcontentcontentcontentcontentcontentcontentcontentcontentcontentcontentcontentcontentcontentcontentcontentcontentcontentcontentcontentcontentcontentcontentcontentcontentcontentcontentcontentcontentcontentcontentcontentcontentcontentcontentcontentcontentcontentcontentcontentcontentcontentcontentcontentcontentcontentcontentcontentcontentcontentcontentcontentcontentcontentcontentcontentcontentcontentcontentcontentcontentcontentcontentcontentcontentcontentcontentcontentcontentcontentcontentcontentcontentcontentcontentcontentcontentcontentcontentcontentcontentcontentcontentcontentcontentcontentcontentcontentcontentcontentcontentcontentcontentcontentcontentcontentcontentcontentcontentcontentcontentcontentcontentcontentcontentcontentcontentcontentcontentcontentcontentcontentcontentcontentcontentcontentcontentcontentcontentcontentcontentcontentcontentcontentcontentcontentcontentcontentcontentcontentcontentcontentcontentcontentcontentcontentcontentcontentcontentcontentcontentcontentcontentcontentcontentcontentcontentcontentcontentcontentcontentcontentcontentcontentcontentcontentcontentcontentcontentcontentcontentcontentcontentcontentcontentcontentcontentcontentcontentcontentcontentcontentcontentcontentcontentcontentcontentcontentcontentcontentcontentcontentcontentcontentcontentcontentcontentcontentcontentcontentcontentcontentcontentcontentcontentcontentcontentcontentcontentcontentcontentcontentcontentcontentcontentcontentcontentcontentcontentcontentcontentcontentcontentcontentcontentcontentcontentcontentcontentcontentcontentcontentcontentcontentcontentcontentcontentcontentcontentcontentcontentcontentcontentcontentcontentcontentcontentcontentcontentcontentcontentcontentcontentcontentcontentcontentcontentcontentcontentcontentcontentcontentcontentcontentcontentcontentcontentcontentcontentcontentcontentcontentcontentcontentcontentcontentcontentcontentcontentcontentcontentcontentcontentcontentcontentcontentcontentcontentcontentcontentcontentcontentcontentcontentcontentcontentcontentcontentcontentcontentcontentcontentcontentcontentcontentcontentcontentcontentcontentcontentcontentcontentcontentcontentcontentcontentcontentcontentcontentcontentcontentcontentcontentcontentcontentcontentcontentcontentcontentcontentcontentcontentcontentcontentcontentcontentcontentcontentcontentcontentcontentcontentcontentcontentcontentcontentcontentcontentcontentcontentcontentcontentcontentcontentcontentcontentcontentcontentcontentcontentcontentcontentcontentcontentcontentcontentcontentcontentcontentcontentcontentcontentcontentcontentcontentcontentcontentcontentcontentcontentcontentcontentcontentcontentcontentcontentcontentcontentcontentcontentcontentcontentcontentcontentcontentcontentcontentcontentcontentcontentcontentcontentcontentcontentcontentcontentcontentcontentcontentcontentcontentcontentcontentcontentcontentcontentcontentcontentcontentcontentcontentcontentcontentcontentcontentcontentcontentcontentcontentcontentcontentcontentcontentcontentcontentcontentcontentcontentcontentcontentcontentcontentcontentcontentcontentcontentcontentcontentcontentcontentcontentcontentcontentcontentcontentcontentcontentcontentcontentcontentcontentcontentcontentcontentcontentcontentcontentcontentcontentcontentcontentcontentcontentcontentcontentcontentcontentcontentcontentcontentcontentcontentcontentcontentcontentcontentcontentcontentcontentcontentcontentcontentcontentcontentcontentcontentcontentcontentcontentcontentcontentcontentcontentcontentcontentcontentcontentcontentcontentcontentcontentcontentcontentcontentcontentcontentcontentcontentcontentcontentcontentcontentcontentcontentcontentcontentcontentcontentcontentcontentcontentcontentcontentcontentcontentcontentcontentcontentcontentcontentcontentcontentcontentcontentcontentcontentcontentcontentcontentcontentcontentcontentcontentcontentcontentcontentcontentcontentcontentcontentcontentcontentcontentcontentcontentcontentcontentcontentcontentcontentcontentcontentcontentcontentcontentcontentcontentcontentcontentcontentcontentcontentcontentcontentcontentcontentcontentcontentcontentcontentcontentcontentcontentcontentcontentcontentcontentcontentcontentcontentcontentcontentcontentcontentcontentcontentcontentcontentcontentcontentcontentcontentcontentcontentcontentcontentcontentcontentcontentcontentcontentcontentcontentcontentcontentcontentcontentcontentcontentcontentcontentcontentcontentcontentcontentcontentcontentcontentcontentcontentcontentcontentcontentcontentcontentcontentcontentcontentcontentcontentcontentcontentcontentcontentcontentcontentcontentcontentcontentcontentcontentcontentcontentcontentcontentcontentcontentcontentcontentcontentcontentcontentcontentcontentcontentcontentcontentcontentcontentcontentcontentcontentcontentcontentcontentcontentcontentcontentcontentcontentcontentcontentcontentcontentcontentcontentcontentcontentcontentcontentcontentcontentcontentcontentcontentcontentcontentcontentcontentcontentcontentcontentcontentcontentcontentcontentcontentcontentcontentcontentcontentcontentcontentcontentcontentcontentcontentcontentcontentcontentcontentcontentcontentcontentcontentcontentcontentcontentcontentcontentcontentcontentcontentcontentcontentcontentcontentcontentcontentcontentcontentcontentcontentcontentcontentcontentcontentcontentcontentcontentcontentcontentcontentcontentcontentcontentcontentcontentcontentcontentcontentcontentcontentcontentcontentcontentcontentcontentcontentcontentcontentcontentcontentcontentcontentcontentcontentcontentcontentcontentcontentcontentcontentcontentcontentcontentcontentcontentcontentcontentcontentcontentcontentcontentcontentcontentcontentcontentcontentcontentcontentcontentcontentcontentcontentcontentcontentcontentcontentcontentcontentcontentcontentcontentcontentcontentcontentcontentcontentcontentcontentcontentcontentcontentcontentcontentcontentcontentcontentcontentcontentcontentcontentcontentcontentcontentcontentcontentcontentcontentcontentcontentcontentcontentcontentcontentcontentcontentcontentcontentcontentcontentcontentcontentcontentcontentcontentcontentcontentcontentcontentcontentcontentcontentcontentcontentcontentcontentcontentcontentcontentcontentcontentcontentcontentcontentcontentcontentcontentcontentcontentcontentcontentcontentcontentcontentcontentcontentcontentcontentcontentcontentcontentcontentcontentcontentcontentcontentcontentcontentcontentcontentcontentcontentcontentcontentcontentcontentcontentcontentcontentcontentcontentcontentcontentcontentcontentcontentcontentcontentcontentcontentcontentcontentcontentcontentcontentcontentcontentcontentcontentcontentcontentcontentcontentcontentcontentcontentcontentcontentcontentcontentcontentcontentcontentcontentcontentcontentcontentcontentcontentcontentcontentcontentcontentcontentcontentcontentcontentcontentcontentcontentcontentcontentcontentcontentcontentcontentcontentcontentcontentcontentcontentcontentcontentcontentcontentcontentcontentcontentcontentcontentcontentcontentcontentcontentcontentcontentcontentcontentcontentcontentcontentcontentcontentcontentcontentcontentcontentcontentcontentcontentcontentcontentcontentcontentcontentcontentcontentcontentcontentcontentcontentcontentcontentcontentcontentcontentcontentcontentcontentcontentcontentcontentcontentcontentcontentcontentcontentcontentcontentcontentcontentcontentcontentcontentcontentcontentcontentcontentcontentcontentcontentcontentcontentcontentcontentcontentcontentcontentcontentcontentcontentcontentcontentcontentcontentcontentcontentcontentcontentcontentcontentcontentcontentcontentcontentcontentcontentcontentcontentcontentcontentcontentcontentcontentcontentcontentcontentcontentcontentcontentcontentcontentcontentcontentcontentcontentcontentcontentcontentcontentcontentcontentcontentcontentcontentcontentcontentcontentcontentcontentcontentcontentcontentcontentcontentcontentcontentcontentcontentcontentcontentcontentcontentcontentcontentcontentcontentcontentcontentcontentcontentcontentcontentcontentcontentcontentcontentcontentcontentcontentcontentcontentcontentcontentcontentcontentcontentcontentcontentcontentcontentcontentcontentcontentcontentcontentcontentcontentcontentcontentcontentcontentcontentcontentcontentcontentcontentcontentcontentcontentcontentcontentcontentcontentcontentcontentcontentcontentcontentcontentcontentcontentcontentcontentcontentcontentcontentcontentcontentcontentcontentcontentcontentcontentcontentcontentcontentcontentcontentcontentcontentcontentcontentcontentcontentcontentcontentcontentcontentcontentcontentcontentcontentcontentcontentcontentcontentcontentcontentcontentcontentcontentcontentcontentcontentcontentcontentcontentcontentcontentcontentcontentcontentcontentcontentcontentcontentcontentcontentcontentcontentcontentcontentcontentcontentcontentcontentcontentcontentcontentcontentcontentcontentcontentcontentcontentcontentcontentcontentcontentcontentcontentcontentcontentcontentcontentcontentcontentcontentcontentcontentcontentcontentcontentcontentcontentcontentcontentcontentcontentcontentcontentcontentcontentcontentcontentcontentcontentcontentcontentcontentcontentcontentcontentcontentcontentcontentcontentcontentcontentcontentcontentcontentcontentcontentcontentcontentcontentcontentcontentcontentcontentcontentcontentcontentcontentcontentcontentcontentcontentcontentcontentcontentcontentcontentcontentcontentcontentcontentcontentcontentcontentcontentcontentcontentcontentcontentcontentcontentcontentcontentcontentcontentcontentcontentcontentcontentcontentcontentcontentcontentcontentcontentcontentcontentcontentcontentcontentcontentcontentcontentcontentcontentcontentcontentcontentcontentcontentcontentcontentcontentcontentcontentcontentcontentcontentcontentcontentcontentcontentcontentcontentcontentcontentcontentcontentcontentcontentcontentcontentcontentcontentcontentcontentcontentcontentcontentcontentcontentcontentcontentcontentcontentcontentcontentcontentcontentcontentcontentcontentcontentcontentcontentcontentcontentcontentcontentcontentcontentcontentcontentcontentcontentcontentcontentcontentcontentcontentcontentcontentcontentcontentcontentcontentcontentcontentcontentcontentcontentcontentcontentcontentcontentcontentcontentcontentcontentcontentcontentcontentcontentcontentcontentcontentcontentcontentcontentcontentcontentcontentcontentcontentcontentcontentcontentcontentcontentcontentcontentcontentcontentcontentcontentcontentcontentcontentcontentcontentcontentcontentcontentcontentcontentcontentcontentcontentcontentcontentcontentcontentcontentcontentcontentcontentcontentcontentcontentcontentcontentcontentcontentcontentcontentcontentcontentcontentcontentcontentcontentcontentcontentcontentcontentcontentcontentcontentcontentcontentcontentcontentcontentcontentcontentcontentcontentcontentcontentcontentcontentcontentcontentcontentcontentcontentcontentcontentcontentcontentcontentcontentcontentcontentcontentcontentcontentcontentcontentcontentcontentcontentcontentcontentcontentcontentcontentcontentcontentcontentcontentcontentcontentcontentcontentcontentcontentcontentcontentcontentcontentcontentcontentcontentcontentcontentcontentcontentcontentcontentcontentcontentcontentcontentcontentcontentcontentcontentcontentcontentcontentcontentcontentcontentcontentcontentcontentcontentcontentcontentcontentcontentcontentcontentcontentcontentcontentcontentcontentcontentcontentcontentcontentcontentcontentcontentcontentcontentcontentcontentcontentcontentcontentcontentcontentcontentcontentcontentcontentcontentcontentcontentcontentcontentcontentcontentcontentcontentcontentcontentcontentcontentcontentcontentcontentcontentcontentcontentcontentcontentcontentcontentcontentcontentcontentcontentcontentcontentcontentcontentcontentcontentcontentcontentcontentcontentcontentcontentcontentcontentcontentcontentcontentcontentcontentcontentcontentcontentcontentcontentcontentcontentcontentcontentcontentcontentcontentcontentcontentcontentcontentcontentcontentcontentcontentcontentcontentcontentcontentcontentcontentcontentcontentcontentcontentcontentcontentcontentcontentcontentcontentcontentcontentcontentcontentcontentcontentcontentcontentcontentcontentcontentcontentcontentcontentcontentcontentcontentcontentcontentcontentcontentcontentcontentcontentcontentcontentcontentcontentcontentcontentcontentcontentcontentcontentcontentcontentcontentcontentcontentcontentcontentcontentcontentcontentcontentcontentcontentcontentcontentcontentcontentcontentcontentcontentcontentcontentcontentcontentcontentcontentcontentcontentcontentcontentcontentcontentcontentcontentcontentcontentcontentcontentcontentcontentcontentcontentcontentcontentcontentcontentcontentcontentcontentcontentcontentcontentcontentcontentcontentcontentcontentcontentcontentcontentcontentcontentcontentcontentcontentcontentcontentcontentcontentcontentcontentcontentcontentcontentcontentcontentcontentcontentcontentcontentcontentcontentcontentcontentcontentcontentcontentcontentcontentcontentcontentcontentcontentcontentcontentcontentcontentcontentcontentcontentcontentcontentcontentcontentcontentcontentcontentcontentcontentcontentcontentcontentcontentcontentcontentcontentcontentcontentcontentcontentcontentcontentcontentcontentcontentcontentcontentcontentcontentcontentcontentcontentcontentcontentcontentcontentcontentcontentcontentcontentcontentcontentcontentcontentcontentcontentcontentcontentcontentcontentcontentcontentcontentcontentcontentcontentcontentcontentcontentcontentcontentcontentcontentcontentcontentcontentcontentcontentcontentcontentcontentcontentcontentcontentcontentcontentcontentcontentcontentcontentcontentcontentcontentcontentcontentcontentcontentcontentcontentcontentcontentcontentcontentcontentcontentcontentcontentcontentcontentcontentcontentcontentcontentcontentcontentcontentcontentcontentcontentcontentcontentcontentcontentcontentcontentcontentcontentcontentcontentcontentcontentcontentcontentcontentcontentcontentcontentcontentcontentcontentcontentcontentcontentcontentcontentcontentcontentcontentcontentcontentcontentcontentcontentcontentcontentcontentcontentcontentcontentcontentcontentcontentcontentcontentcontentcontentcontentcontentcontentcontentcontentcontentcontentcontentcontentcontentcontentcontentcontentcontentcontentcontentcontentcontentcontentcontentcontentcontentcontentcontentcontentcontentcontentcontentcontentcontentcontentcontentcontentcontentcontentcontentcontentcontentcontentcontentcontentcontentcontentcontentcontentcontentcontentcontentcontentcontentcontentcontentcontentcontentcontentcontentcontentcontentcontentcontentcontentcontentcontentcontentcontentcontentcontentcontentcontentcontentcontentcontentcontentcontentcontentcontentcontentcontentcontentcontentcontentcontentcontentcontentcontentcontentcontentcontentcontentcontentcontentcontentcontentcontentcontentcontentcontentcontentcontentcontentcontentcontentcontentcontentcontentcontentcontentcontentcontentcontentcontentcontentcontentcontentcontentcontentcontentcontentcontentcontentcontentcontentcontentcontentcontentcontentcontentcontentcontentcontentcontentcontentcontentcontentcontentcontentcontentcontentcontentcontentcontentcontentcontentcontentcontentcontentcontentcontentcontentcontentcontentcontentcontentcontentcontentcontentcontentcontentcontentcontentcontentcontentcontentcontentcontentcontentcontentcontentcontentcontentcontentcontentcontentcontentcontentcontentcontentcontentcontentcontentcontentcontentcontentcontentcontentcontentcontentcontentcontentcontentcontentcontentcontentcontentcontentcontentcontentcontentcontentcontentcontentcontentcontentcontentcontentcontentcontentcontentcontentcontentcontentcontentcontentcontentcontentcontentcontentcontentcontentcontentcontentcontentcontentcontentcontentcontentcontentcontentcontentcontentcontentcontentcontentcontentcontentcontentcontentcontentcontentcontentcontentcontentcontentcontentcontentcontentcontentcontentcontentcontentcontentcontentcontentcontentcontentcontentcontentcontentcontentcontentcontentcontentcontentcontentcontentcontentcontentcontentcontentcontentcontentcontentcontentcontentcontentcontentcontentcontentcontentcontentcontentcontentcontentcontentcontentcontentcontentcontentcontentcontentcontentcontentcontentcontentcontentcontentcontentcontentcontentcontentcontentcontentcontentcontentcontentcontentcontentcontentcontentcontentcontentcontentcontentcontentcontentcontentcontentcontentcontentcontentcontentcontentcontentcontentcontentcontentcontentcontentcontentcontentcontentcontentcontentcontentcontentcontentcontentcontentcontentcontentcontentcontentcontentcontentcontentcontentcontentcontentcontentcontentcontentcontentcontentcontentcontentcontentcontentcontentcontentcontentcontentcontentcontentcontentcontentcontentcontentcontentcontentcontentcontentcontentcontentcontentcontentcontentcontentcontentcontentcontentcontentcontentcontentcontentcontentcontentcontentcontentcontentcontentcontentcontentcontentcontentcontentcontentcontentcontentcontentcontentcontentcontentcontentcontentcontentcontentcontentcontentcontentcontentcontentcontentcontentcontentcontentcontentcontentcontentcontentcontentcontentcontentcontentcontentcontentcontentcontentcontentcontentcontentcontentcontentcontentcontentcontentcontentcontentcontentcontentcontentcontentcontentcontentcontentcontentcontentcontentcontentcontentcontentcontentcontentcontentcontentcontentcontentcontentcontentcontentcontentcontentcontentcontentcontentcontentcontentcontentcontentcontentcontentcontentcontentcontentcontentcontentcontentcontentcontentcontentcontentcontentcontentcontentcontentcontentcontentcontentcontentcontentcontentcontentcontentcontentcontentcontentcontentcontentcontentcontentcontentcontentcontentcontentcontentcontentcontentcontentcontentcontentcontentcontentcontentcontentcontentcontentcontentcontentcontentcontentcontentcontentcontentcontentcontentcontentcontentcontentcontentcontentcontentcontentcontentcontentcontentcontentcontentcontentcontentcontentcontentcontentcontentcontentcontentcontentcontentcontentcontentcontentcontentcontentcontentcontentcontentcontentcontentcontentcontentcontentcontentcontentcontentcontentcontentcontentcontentcontentcontentcontentcontentcontentcontentcontentcontentcontentcontentcontentcontentcontentcontentcontentcontentcontentcontentcontentcontentcontentcontentcontentcontentcontentcontentcontentcontentcontentcontentcontentcontentcontentcontentcontentcontentcontentcontentcontentcontentcontentcontentcontentcontentcontentcontentcontentcontentcontentcontentcontentcontentcontentcontentcontentcontentcontentcontentcontentcontentcontentcontentcontentcontentcontentcontentcontentcontentcontentcontentcontentcontentcontentcontentcontentcontentcontentcontentcontentcontentcontentcontentcontentcontentcontentcontentcontentcontentcontentcontentcontentcontentcontentcontentcontentcontentcontentcontentcontentcontentcontentcontentcontentcontentcontentcontentcontentcontentcontentcontentcontentcontentcontentcontentcontentcontentcontentcontentcontentcontentcontentcontentcontentcontentcontentcontentcontentcontentcontentcontentcontentcontentcontentcontentcontentcontentcontentcontentcontentcontentcontentcontentcontentcontentcontentcontentcontentcontentcontentcontentcontentcontentcontentcontentcontentcontentcontentcontentcontentcontentcontentcontentcontentcontentcontentcontentcontentcontentcontentcontentcontentcontentcontentcontentcontentcontentcontentcontentcontentcontentcontentcontentcontentcontentcontentcontentcontentcontentcontentcontentcontentcontentcontentcontentcontentcontentcontentcontentcontentcontentcontentcontentcontentcontentcontentcontentcontentcontentcontentcontentcontentcontentcontentcontentcontentcontentcontentcontentcontentcontentcontentcontentcontentcontentcontentcontentcontentcontentcontentcontentcontentcontentcontentcontentcontentcontentcontentcontentcontentcontentcontentcontentcontentcontentcontentcontentcontentcontentcontentcontentcontentcontentcontentcontentcontentcontentcontentcontentcontentcontentcontentcontentcontentcontentcontentcontentcontentcontentcontentcontentcontentcontentcontentcontentcontentcontentcontentcontentcontentcontentcontentcontentcontentcontentcontentcontentcontentcontentcontentcontentcontentcontentcontentcontentcontentcontentcontentcontentcontentcontentcontentcontentcontentcontentcontentcontentcontentcontentcontentcontentcontentcontentcontentcontentcontentcontentcontentcontentcontentcontentcontentcontentcontentcontentcontentcontentcontentcontentcontentcontentcontentcontentcontentcontentcontentcontentcontentcontentcontentcontentcontentcontentcontentcontentcontentcontentcontentcontentcontentcontentcontentcontentcontentcontentcontentcontentcontentcontentcontentcontentcontentcontentcontentcontentcontentcontentcontentcontentcontentcontentcontentcontentcontentcontentcontentcontentcontentcontentcontentcontentcontentcontentcontentcontentcontentcontentcontentcontentcontentcontentcontentcontentcontentcontentcontentcontentcontentcontentcontentcontentcontentcontentcontentcontentcontentcontentcontentcontentcontentcontentcontentcontentcontentcontentcontentcontentcontentcontentcontentcontentcontentcontentcontentcontentcontentcontentcontentcontentcontentcontentcontentcontentcontentcontentcontentcontentcontentcontentcontentcontentcontentcontentcontentcontentcontentcontentcontentcontentcontentcontentcontentcontentcontentcontentcontentcontentcontentcontentcontentcontentcontentcontentcontentcontentcontentcontentcontentcontentcontentcontentcontentcontentcontentcontentcontentcontentcontentcontentcontentcontentcontentcontentcontentcontentcontentcontentcontentcontentcontentcontentcontentcontentcontentcontentcontentcontentcontentcontentcontentcontentcontentcontentcontentcontentcontentcontentcontentcontentcontentcontentcontentcontentcontentcontentcontentcontentcontentcontentcontentcontentcontentcontentcontentcontentcontentcontentcontentcontentcontentcontentcontentcontentcontentcontentcontentcontentcontentcontentcontentcontentcontentcontentcontentcontentcontentcontentcontentcontentcontentcontentcontentcontentcontentcontentcontentcontentcontentcontentcontentcontentcontentcontentcontentcontentcontentcontentcontentcontentcontentcontentcontentcontentcontentcontentcontentcontentcontentcontentcontentcontentcontentcontentcontentcontentcontentcontentcontentcontentcontentcontentcontentcontentcontentcontentcontentcontentcontentcontentcontentcontentcontentcontentcontentcontentcontentcontentcontentcontentcontentcontentcontentcontentcontentcontentcontentcontentcontentcontentcontentcontentcontentcontentcontentcontentcontentcontentcontentcontentcontentcontentcontentcontentcontentcontentcontentcontentcontentcontentcontentcontentcontentcontentcontentcontentcontentcontentcontentcontentcontentcontentcontentcontentcontentcontentcontentcontentcontentcontentcontentcontentcontentcontentcontentcontentcontentcontentcontentcontentcontentcontentcontentcontentcontentcontentcontentcontentcontentcontentcontentcontentcontentcontentcontentcontentcontentcontentcontentcontentcontentcontentcontentcontentcontentcontentcontentcontentcontentcontentcontentcontentcontentcontentcontentcontentcontentcontentcontentcontentcontentcontentcontentcontentcontentcontentcontentcontentcontentcontentcontentcontentcontentcontentcontentcontentcontentcontentcontentcontentcontentcontentcontentcontentcontentcontentcontentcontentcontentcontentcontentcontentcontentcontentcontentcontentcontentcontentcontentcontentcontentcontentcontentcontentcontentcontentcontentcontentcontentcontentcontentcontentcontentcontentcontentcontentcontentcontentcontentcontentcontentcontentcontentcontentcontentcontentcontentcontentcontentcontentcontentcontentcontentcontentcontentcontentcontentcontentcontentcontentcontentcontentcontentcontentcontentcontentcontentcontentcontentcontentcontentcontentcontentcontentcontentcontentcontentcontentcontentcontentcontentcontentcontentcontentcontentcontentcontentcontentcontentcontentcontentcontentcontentcontentcontentcontentcontentcontentcontentcontentcontentcontentcontentcontentcontentcontentcontentcontentcontentcontentcontentcontentcontentcontentcontentcontentcontentcontentcontentcontentcontentcontentcontentcontentcontentcontentcontentcontentcontentcontentcontentcontentcontentcontentcontentcontentcontentcontentcontentcontentcontentcontentcontentcontentcontentcontentcontentcontentcontentcontentcontentcontentcontentcontentcontentcontentcontentcontentcontentcontentcontentcontentcontentcontentcontentcontentcontentcontentcontentcontentcontentcontentcontentcontentcontentcontentcontentcontentcontentcontentcontentcontentcontentcontentcontentcontentcontentcontentcontentcontentcontentcontentcontentcontentcontentcontentcontentcontentcontentcontentcontentcontentcontentcontentcontentcontentcontentcontentcontentcontentcontentcontentcontentcontentcontentcontentcontentcontentcontentcontentcontentcontentcontentcontentcontentcontentcontentcontentcontentcontentcontentcontentcontentcontentcontentcontentcontentcontentcontentcontentcontentcontentcontentcontentcontentcontentcontentcontentcontentcontentcontentcontentcontentcontentcontentcontentcontentcontentcontentcontentcontentcontentcontentcontentcontentcontentcontentcontentcontentcontentcontentcontentcontentcontentcontentcontentcontentcontentcontentcontentcontentcontentcontentcontentcontentcontentcontentcontentcontentcontentcontentcontentcontentcontentcontentcontentcontentcontentcontentcontentcontentcontentcontentcontentcontentcontentcontentcontentcontentcontentcontentcontentcontentcontentcontentcontentcontentcontentcontentcontentcontentcontentcontentcontentcontentcontentcontentcontentcontentcontentcontentcontentcontentcontentcontentcontentcontentcontentcontentcontentcontentcontentcontentcontentcontentcontentcontentcontentcontentcontentcontentcontentcontentcontentcontentcontentcontentcontentcontentcontentcontentcontentcontentcontentcontentcontentcontentcontentcontentcontentcontentcontentcontentcontentcontentcontentcontentcontentcontentcontentcontentcontentcontentcontentcontentcontentcontentcontentcontentcontentcontentcontentcontentcontentcontentcontentcontentcontentcontentcontentcontentcontentcontentcontentcontentcontentcontentcontentcontentcontentcontentcontentcontentcontentcontentcontentcontentcontentcontentcontentcontentcontentcontentcontentcontentcontentcontentcontentcontentcontentcontentcontentcontentcontentcontentcontentcontentcontentcontentcontentcontentcontentcontentcontentcontentcontentcontentcontentcontentcontentcontentcontentcontentcontentcontentcontentcontentcontentcontentcontentcontentcontentcontentcontentcontentcontentcontentcontentcontentcontentcontentcontentcontentcontentcontentcontentcontentcontentcontentcontentcontentcontentcontentcontentcontentcontentcontentcontentcontentcontentcontentcontentcontentcontentcontentcontentcontentcontentcontentcontentcontentcontentcontentcontentcontentcontentcontentcontentcontentcontentcontentcontentcontentcontentcontentcontentcontentcontentcontentcontentcontentcontentcontentcontentcontentcontentcontentcontentcontentcontentcontentcontentcontentcontentcontentcontentcontentcontentcontentcontentcontentcontentcontentcontentcontentcontentcontentcontentcontentcontentcontentcontentcontentcontentcontentcontentcontentcontentcontentcontentcontentcontentcontentcontentcontentcontentcontentcontentcontentcontentcontentcontentcontentcontentcontentcontentcontentcontentcontentcontentcontentcontentcontentcontentcontentcontentcontentcontentcontentcontentcontentcontentcontentcontentcontentcontentcontentcontentcontentcontentcontentcontentcontentcontentcontentcontentcontentcontentcontentcontentcontentcontentcontentcontentcontentcontentcontentcontentcontentcontentcontentcontentcontentcontentcontentcontentcontentcontentcontentcontentcontentcontentcontentcontentcontentcontentcontentcontentcontentcontentcontentcontentcontentcontentcontentcontentcontentcontentcontentcontentcontentcontentcontentcontentcontentcontentcontentcontentcontentcontentcontentcontentcontentcontentcontentcontentcontentcontentcontentcontentcontentcontentcontentcontentcontentcontentcontentcontentcontentcontentcontentcontentcontentcontentcontentcontentcontentcontentcontentcontentcontentcontentcontentcontentcontentcontentcontentcontentcontentcontentcontentcontentcontentcontentcontentcontentcontentcontentcontentcontentcontentcontentcontentcontentcontentcontentcontentcontentcontentcontentcontentcontentcontentcontentcontentcontentcontentcontentcontentcontentcontentcontentcontentcontentcontentcontentcontentcontentcontentcontentcontentcontentcontentcontentcontentcontentcontentcontentcontentcontentcontentcontentcontentcontentcontentcontentcontentcontentcontentcontentcontentcontentcontentcontentcontentcontentcontentcontentcontentcontentcontentcontentcontentcontentcontentcontentcontentcontentcontentcontentcontentcontentcontentcontentcontentcontentcontentcontentcontentcontentcontentcontentcontentcontentcontentcontentcontentcontentcontentcontentcontentcontentcontentcontentcontentcontentcontentcontentcontentcontentcontentcontentcontentcontentcontentcontentcontentcontentcontentcontentcontentcontentcontentcontentcontentcontentcontentcontentcontentcontentcontentcontentcontentcontentcontentcontentcontentcontentcontentcontentcontentcontentcontentcontentcontentcontentcontentcontentcontentcontentcontentcontentcontentcontentcontentcontentcontentcontentcontentcontentcontentcontentcontentcontentcontentcontentcontentcontentcontentcontentcontentcontentcontentcontentcontentcontentcontentcontentcontentcontentcontentcontentcontentcontentcontentcontentcontentcontentcontentcontentcontentcontentcontentcontentcontentcontentcontentcontentcontentcontentcontentcontentcontentcontentcontentcontentcontentcontentcontentcontentcontentcontentcontentcontentcontentcontentcontentcontentcontentcontentcontentcontentcontentcontentcontentcontentcontentcontentcontentcontentcontentcontentcontentcontentcontentcontentcontentcontentcontentcontentcontentcontentcontentcontentcontentcontentcontentcontentcontentcontentcontentcontentcontentcontentcontentcontentcontentcontentcontentcontentcontentcontentcontentcontentcontentcontentcontentcontentcontentcontentcontentcontentcontentcontentcontentcontentcontentcontentcontentcontentcontentcontentcontentcontentcontentcontentcontentcontentcontentcontentcontentcontentcontentcontentcontentcontentcontentcontentcontentcontentcontentcontentcontentcontentcontentcontentcontentcontentcontentcontentcontentcontentcontentcontentcontentcontentcontentcontentcontentcontentcontentcontentcontentcontentcontentcontentcontentcontentcontentcontentcontentcontentcontentcontentcontentcontentcontentcontentcontentcontentcontentcontentcontentcontentcontentcontentcontentcontentcontentcontentcontentcontentcontentcontentcontentcontentcontentcontentcontentcontentcontentcontentcontentcontentcontentcontentcontentcontentcontentcontentcontentcontentcontentcontentcontentcontentcontentcontentcontentcontentcontentcontentcontentcontentcontentcontentcontentcontentcontentcontentcontentcontentcontentcontentcontentcontentcontentcontentcontentcontentcontentcontentcontentcontentcontentcontentcontentcontentcontentcontentcontentcontentcontentcontentcontentcontentcontentcontentcontentcontentcontentcontentcontentcontentcontentcontentcontentcontentcontentcontentcontentcontentcontentcontentcontentcontentcontentcontentcontentcontentcontentcontentcontentcontentcontentcontentcontentcontentcontentcontentcontentcontentcontentcontentcontentcontentcontentcontentcontentcontentcontentcontentcontentcontentcontentcontentcontentcontentcontentcontentcontentcontentcontentcontentcontentcontentcontentcontentcontentcontentcontentcontentcontentcontentcontentcontentcontentcontentcontentcontentcontentcontentcontentcontentcontentcontentcontentcontentcontentcontentcontentcontentcontentcontentcontentcontentcontentcontentcontentcontentcontentcontentcontentcontentcontentcontentcontentcontentcontentcontentcontentcontentcontentcontentcontentcontentcontentcontentcontentcontentcontentcontentcontentcontentcontentcontentcontentcontentcontentcontentcontentcontentcontentcontentcontentcontentcontentcontentcontentcontentcontentcontentcontentcontentcontentcontentcontentcontentcontentcontentcontentcontentcontentcontentcontentcontentcontentcontentcontentcontentcontentcontentcontentcontentcontentcontentcontentcontentcontentcontentcontentcontentcontentcontentcontentcontentcontentcontentcontentcontentcontentcontentcontentcontentcontentcontentcontentcontentcontentcontentcontentcontentcontentcontentcontentcontentcontentcontentcontentcontentcontentcontentcontentcontentcontentcontentcontentcontentcontentcontentcontentcontentcontentcontentcontentcontentcontentcontentcontentcontentcontentcontentcontentcontentcontentcontentcontentcontentcontentcontentcontentcontentcontentcontentcontentcontentcontentcontentcontentcontentcontentcontentcontentcontentcontentcontentcontentcontentcontentcontentcontentcontentcontentcontentcontentcontentcontentcontentcontentcontentcontentcontentcontentcontentcontentcontentcontentcontentcontentcontentcontentcontentcontentcontentcontentcontentcontentcontentcontentcontentcontentcontentcontentcontentcontentcontentcontentcontentcontentcontentcontentcontentcontentcontentcontentcontentcontentcontentcontentcontentcontentcontentcontentcontentcontentcontentcontentcontentcontentcontentcontentcontentcontentcontentcontentcontentcontentcontentcontentcontentcontentcontentcontentcontentcontentcontentcontentcontentcontentcontentcontentcontentcontentcontentcontentcontentcontentcontentcontentcontentcontentcontentcontentcontentcontentcontentcontentcontentcontentcontentcontentcontentcontentcontentcontentcontentcontentcontentcontentcontentcontentcontentcontentcontentcontentcontentcontentcontentcontentcontentcontentcontentcontentcontentcontentcontentcontentcontentcontentcontentcontentcontentcontentcontentcontentcontentcontentcontentcontentcontentcontentcontentcontentcontentcontentcontentcontentcontentcontentcontentcontentcontentcontentcontentcontentcontentcontentcontentcontentcontentcontentcontentcontentcontentcontentcontentcontentcontentcontentcontentcontentcontentcontentcontentcontentcontentcontentcontentcontentcontentcontentcontentcontentcontentcontentcontentcontentcontentcontentcontentcontentcontentcontentcontentcontentcontentcontentcontentcontentcontentcontentcontentcontentcontentcontentcontentcontentcontentcontentcontentcontentcontentcontentcontentcontentcontentcontentcontentcontentcontentcontentcontentcontentcontentcontentcontentcontentcontentcontentcontentcontentcontentcontentcontentcontentcontentcontentcontentcontentcontentcontentcontentcontentcontentcontentcontentcontentcontentcontentcontentcontentcontentcontentcontentcontentcontentcontentcontentcontentcontentcontentcontentcontentcontentcontentcontentcontentcontentcontentcontentcontentcontentcontentcontentcontentcontentcontentcontentcontentcontentcontentcontentcontentcontentcontentcontentcontentcontentcontentcontentcontentcontentcontentcontentcontentcontentcontentcontentcontentcontentcontentcontentcontentcontentcontentcontentcontentcontentcontentcontentcontentcontentcontentcontentcontentcontentcontentcontentcontentcontentcontentcontentcontentcontentcontentcontentcontentcontentcontentcontentcontentcontentcontentcontentcontentcontentcontentcontentcontentcontentcontentcontentcontentcontentcontentcontentcontentcontentcontentcontentcontentcontentcontentcontentcontentcontentcontentcontentcontentcontentcontentcontentcontentcontentcontentcontentcontentcontentcontentcontentcontentcontentcontentcontentcontentcontentcontentcontentcontentcontentcontentcontentcontentcontentcontentcontentcontentcontentcontentcontentcontentcontentcontentcontentcontentcontentcontentcontentcontentcontentcontentcontentcontentcontentcontentcontentcontentcontentcontentcontentcontentcontentcontentcontentcontentcontentcontentcontentcontentcontentcontentcontentcontentcontentcontentcontentcontentcontentcontentcontentcontentcontentcontentcontentcontentcontentcontentcontentcontentcontentcontentcontentcontentcontentcontentcontentcontentcontentcontentcontentcontentcontentcontentcontentcontentcontentcontentcontentcontentcontentcontentcontentcontentcontentcontentcontentcontentcontentcontentcontentcontentcontentcontentcontentcontentcontentcontentcontentcontentcontentcontentcontentcontentcontentcontentcontentcontentcontentcontentcontentcontentcontentcontentcontentcontentcontentcontentcontentcontentcontentcontentcontentcontentcontentcontentcontentcontentcontentcontentcontentcontentcontentcontentcontentcontentcontentcontentcontentcontentcontentcontentcontentcontentcontentcontentcontentcontentcontentcontentcontentcontentcontentcontentcontentcontentcontentcontentcontentcontentcontentcontentcontentcontentcontentcontentcontentcontentcontentcontentcontentcontentcontentcontentcontentcontentcontentcontentcontentcontentcontentcontentcontentcontentcontentcontentcontentcontentcontentcontentcontentcontentcontentcontentcontentcontentcontentcontentcontentcontentcontentcontentcontentcontentcontentcontentcontentcontentcontentcontentcontentcontentcontentcontentcontentcontentcontentcontentcontentcontentcontentcontentcontentcontentcontentcontentcontentcontentcontentcontentcontentcontentcontentcontentcontentcontentcontentcontentcontentcontentcontentcontentcontentcontentcontentcontentcontentcontentcontentcontentcontentcontentcontentcontentcontentcontentcontentcontentcontentcontentcontentcontentcontentcontentcontentcontentcontentcontentcontentcontentcontentcontentcontentcontentcontentcontentcontentcontentcontentcontentcontentcontentcontentcontentcontentcontentcontentcontentcontentcontentcontentcontentcontentcontentcontentcontentcontentcontentcontentcontentcontentcontentcontentcontentcontentcontentcontentcontentcontentcontentcontentcontentcontentcontentcontentcontentcontentcontentcontentcontentcontentcontentcontentcontentcontentcontentcontentcontentcontentcontentcontentcontentcontentcontentcontentcontentcontentcontentcontentcontentcontentcontentcontentcontentcontentcontentcontentcontentcontentcontentcontentcontentcontentcontentcontentcontentcontentcontentcontentcontentcontentcontentcontentcontentcontentcontentcontentcontentcontentcontentcontentcontentcontentcontentcontentcontentcontentcontentcontentcontentcontentcontentcontentcontentcontentcontentcontentcontentcontentcontentcontentcontentcontentcontentcontentcontentcontentcontentcontentcontentcontentcontentcontentcontentcontentcontentcontentcontentcontentcontentcontentcontentcontentcontentcontentcontentcontentcontentcontentcontentcontentcontentcontentcontentcontentcontentcontentcontentcontentcontentcontentcontentcontentcontentcontentcontentcontentcontentcontentcontentcontentcontentcontentcontentcontentcontentcontentcontentcontentcontentcontentcontentcontentcontentcontentcontentcontentcontentcontentcontentcontentcontentcontentcontentcontentcontentcontentcontentcontentcontentcontentcontentcontentcontentcontentcontentcontentcontentcontentcontentcontentcontentcontentcontentcontentcontentcontentcontentcontentcontentcontentcontentcontentcontentcontentcontentcontentcontentcontentcontentcontentcontentcontentcontentcontentcontentcontentcontentcontentcontentcontentcontentcontentcontentcontentcontentcontentcontentcontentcontentcontentcontentcontentcontentcontentcontentcontentcontentcontentcontentcontentcontentcontentcontentcontentcontentcontentcontentcontentcontentcontentcontentcontentcontentcontentcontentcontentcontentcontentcontentcontentcontentcontentcontentcontentcontentcontentcontentcontentcontentcontentcontentcontentcontentcontentcontentcontentcontentcontentcontentcontentcontentcontentcontentcontentcontentcontentcontentcontentcontentcontentcontentcontentcontentcontentcontentcontentcontentcontentcontentcontentcontentcontentcontentcontentcontentcontentcontentcontentcontentcontentcontentcontentcontentcontentcontentcontentcontentcontentcontentcontentcontentcontentcontentcontentcontentcontentcontentcontentcontentcontentcontentcontentcontentcontentcontentcontentcontentcontentcontentcontentcontentcontentcontentcontentcontentcontentcontentcontentcontentcontentcontentcontentcontentcontentcontentcontentcontentcontentcontentcontentcontentcontentcontentcontentcontentcontentcontentcontentcontentcontentcontentcontentcontentcontentcontentcontentcontentcontentcontentcontentcontentcontentcontentcontentcontentcontentcontentcontentcontentcontentcontentcontentcontentcontentcontentcontentcontentcontentcontentcontentcontentcontentcontentcontentcontentcontentcontentcontentcontentcontentcontentcontentcontentcontentcontentcontentcontentcontentcontentcontentcontentcontentcontentcontentcontentcontentcontentcontentcontentcontentcontentcontentcontentcontentcontentcontentcontentcontentcontentcontentcontentcontentcontentcontentcontentcontentcontentcontentcontentcontentcontentcontentcontentcontentcontentcontentcontentcontentcontentcontentcontentcontentcontentcontentcontentcontentcontentcontentcontentcontentcontentcontentcontentcontentcontentcontentcontentcontentcontentcontentcontentcontentcontentcontentcontentcontentcontentcontentcontentcontentcontentcontentcontentcontentcontentcontentcontentcontentcontentcontentcontentcontentcontentcontentcontentcontentcontentcontentcontentcontentcontentcontentcontentcontentcontentcontentcontentcontentcontentcontentcontentcontentcontentcontentcontentcontentcontentcontentcontentcontentcontentcontentcontentcontentcontentcontentcontentcontentcontentcontentcontentcontentcontentcontentcontentcontentcontentcontentcontentcontentcontentcontentcontentcontentcontentcontentcontentcontentcontentcontentcontentcontentcontentcontentcontentcontentcontentcontentcontentcontentcontentcontentcontentcontentcontentcontentcontentcontentcontentcontentcontentcontentcontentcontentcontentcontentcontentcontentcontentcontentcontentcontentcontentcontentcontentcontentcontentcontentcontentcontentcontentcontentcontentcontentcontentcontentcontentcontentcontentcontentcontentcontentcontentcontentcontentcontentcontentcontentcontentcontentcontentcontentcontentcontentcontentcontentcontentcontentcontentcontentcontentcontentcontentcontentcontentcontentcontentcontentcontentcontentcontentcontentcontentcontentcontentcontentcontentcontentcontentcontentcontentcontentcontentcontentcontentcontentcontentcontentcontentcontentcontentcontentcontentcontentcontentcontentcontentcontentcontentcontentcontentcontentcontentcontentcontentcontentcontentcontentcontentcontentcontentcontentcontentcontentcontentcontentcontentcontentcontentcontentcontentcontentcontentcontentcontentcontentcontentcontentcontentcontentcontentcontentcontentcontentcontentcontentcontentcontentcontentcontentcontentcontentcontentcontentcontentcontentcontentcontentcontentcontentcontentcontentcontentcontentcontentcontentcontentcontentcontentcontentcontentcontentcontentcontentcontentcontentcontentcontentcontentcontentcontentcontentcontentcontentcontentcontentcontentcontentcontentcontentcontentcontentcontentcontentcontentcontentcontentcontentcontentcontentcontentcontentcontentcontentcontentcontentcontentcontentcontentcontentcontentcontentcontentcontentcontentcontentcontentcontentcontentcontentcontentcontentcontentcontentcontentcontentcontentcontentcontentcontentcontentcontentcontentcontentcontentcontentcontentcontentcontentcontentcontentcontentcontentcontentcontentcontentcontentcontentcontentcontentcontentcontentcontentcontentcontentcontentcontentcontentcontentcontentcontentcontentcontentcontentcontentcontentcontentcontentcontentcontentcontentcontentcontentcontentcontentcontentcontentcontentcontentcontentcontentcontentcontentcontentcontentcontentcontentcontentcontentcontentcontentcontentcontentcontentcontentcontentcontentcontentcontentcontentcontentcontentcontentcontentcontentcontentcontentcontentcontentcontentcontentcontentcontentcontentcontentcontentcontentcontentcontentcontentcontentcontentcontentcontentcontentcontentcontentcontentcontentcontentcontentcontentcontentcontentcontentcontentcontentcontentcontentcontentcontentcontentcontentcontentcontentcontentcontentcontentcontentcontentcontentcontentcontentcontentcontentcontentcontentcontentcontentcontentcontentcontentcontentcontentcontentcontentcontentcontentcontentcontentcontentcontentcontentcontentcontentcontentcontentcontentcontentcontentcontentcontentcontentcontentcontentcontentcontentcontentcontentcontentcontentcontentcontentcontentcontentcontentcontentcontentcontentcontentcontentcontentcontentcontentcontentcontentcontentcontentcontentcontentcontentcontentcontentcontentcontentcontentcontentcontentcontentcontentcontentcontentcontentcontentcontentcontentcontentcontentcontentcontentcontentcontentcontentcontentcontentcontentcontentcontentcontentcontentcontentcontentcontentcontentcontentcontentcontentcontentcontentcontentcontentcontentcontentcontentcontentcontentcontentcontentcontentcontentcontentcontentcontentcontentcontentcontentcontentcontentcontentcontentcontentcontentcontentcontentcontentcontentcontentcontentcontentcontentcontentcontentcontentcontentcontentcontentcontentcontentcontentcontentcontentcontentcontentcontentcontentcontentcontentcontentcontentcontentcontentcontentcontentcontentcontentcontentcontentcontentcontentcontentcontentcontentcontentcontentcontentcontentcontentcontentcontentcontentcontentcontentcontentcontentcontentcontentcontentcontentcontentcontentcontentcontentcontentcontentcontentcontentcontentcontentcontentcontentcontentcontentcontentcontentcontentcontentcontentcontentcontentcontentcontentcontentcontentcontentcontentcontentcontentcontentcontentcontentcontentcontentcontentcontentcontentcontentcontentcontentcontentcontentcontentcontentcontentcontentcontentcontentcontentcontentcontentcontentcontentcontentcontentcontentcontentcontentcontentcontentcontentcontentcontentcontentcontentcontentcontentcontentcontentcontentcontentcontentcontentcontentcontentcontentcontentcontentcontentcontentcontentcontentcontentcontentcontentcontentcontentcontentcontentcontentcontentcontentcontentcontentcontentcontentcontentcontentcontentcontentcontentcontentcontentcontentcontentcontentcontentcontentcontentcontentcontentcontentcontentcontentcontentcontentcontentcontentcontentcontentcontentcontentcontentcontentcontentcontentcontentcontentcontentcontentcontentcontentcontentcontentcontentcontentcontentcontentcontentcontentcontentcontentcontentcontentcontentcontentcontentcontentcontentcontentcontentc', 'safe.png', '2024-10-13', 1);
INSERT INTO `announcements` (`id`, `title`, `category`, `content`, `image`, `posting_date`, `status`) VALUES
(141, 'ds', 'announcement', 'ds', 'deped_logo.jpg', '2024-11-03', 1);

-- --------------------------------------------------------

--
-- Table structure for table `attendance`
--

CREATE TABLE `attendance` (
  `attendance_id` int(11) NOT NULL,
  `user_id` int(11) DEFAULT NULL,
  `rfid_uid` varchar(50) NOT NULL,
  `full_name` varchar(100) DEFAULT NULL,
  `grade_level` int(11) DEFAULT NULL,
  `section` varchar(50) DEFAULT NULL,
  `scan_time` timestamp NOT NULL DEFAULT current_timestamp(),
  `event_type` enum('entry','exit') NOT NULL,
  `status` enum('Present','Late','Absent') NOT NULL,
  `role` varchar(255) DEFAULT NULL,
  `scan_date` date GENERATED ALWAYS AS (cast(`scan_time` as date)) STORED
) ENGINE=InnoDB DEFAULT CHARSET=utf8mb4 COLLATE=utf8mb4_general_ci;

--
-- Dumping data for table `attendance`
--

INSERT INTO `attendance` (`attendance_id`, `user_id`, `rfid_uid`, `full_name`, `grade_level`, `section`, `scan_time`, `event_type`, `status`, `role`) VALUES
(1, 48, '0036712078', 'Jo', 15, '6', '2024-10-24 03:56:28', 'entry', 'Present', 'student'),
(3, 50, '0036545515', 'Jm Villarin', 11, '8', '2024-10-24 04:04:38', 'entry', 'Present', 'student'),
(32, 48, '0036712078', 'Jo', 15, '6', '2024-11-02 11:46:51', 'entry', 'Late', NULL),
(33, 59, '0036500854', 'Jo', 15, '1', '2024-11-02 11:52:54', 'entry', 'Late', NULL),
(41, 48, '0036712078', 'Jo', 15, '6', '2024-11-02 11:59:05', '', 'Late', NULL);

-- --------------------------------------------------------

--
-- Table structure for table `grade_levels`
--

CREATE TABLE `grade_levels` (
  `id` int(11) NOT NULL,
  `grade_level` varchar(50) NOT NULL
) ENGINE=InnoDB DEFAULT CHARSET=utf8mb4 COLLATE=utf8mb4_general_ci;

--
-- Dumping data for table `grade_levels`
--

INSERT INTO `grade_levels` (`id`, `grade_level`) VALUES
(6, '1'),
(7, '2'),
(8, '3'),
(9, '4'),
(10, '5'),
(11, '6'),
(12, '7'),
(13, '8'),
(14, '9'),
(15, '10'),
(18, '11');

-- --------------------------------------------------------

--
-- Table structure for table `grade_level_sections`
--

CREATE TABLE `grade_level_sections` (
  `id` int(11) NOT NULL,
  `teacher_id` int(11) NOT NULL,
  `grade_level_id` int(11) NOT NULL,
  `section_id` int(11) NOT NULL
) ENGINE=InnoDB DEFAULT CHARSET=utf8mb4 COLLATE=utf8mb4_general_ci;

-- --------------------------------------------------------

--
-- Table structure for table `logs`
--

CREATE TABLE `logs` (
  `id` int(11) NOT NULL,
  `student_id` int(11) DEFAULT NULL,
  `rfid` varchar(255) DEFAULT NULL,
  `timestamp` datetime DEFAULT current_timestamp(),
  `teacher_id` int(11) DEFAULT NULL,
  `status` enum('Present','Late','Absent','Early Leave') DEFAULT 'Present',
  `section` varchar(50) DEFAULT NULL,
  `grade_level_id` int(11) DEFAULT NULL,
  `time_in` time DEFAULT NULL,
  `time_out` time DEFAULT NULL
) ENGINE=InnoDB DEFAULT CHARSET=utf8mb4 COLLATE=utf8mb4_general_ci;

-- --------------------------------------------------------

--
-- Table structure for table `messages`
--

CREATE TABLE `messages` (
  `id` int(11) NOT NULL,
  `sender_id` int(11) NOT NULL,
  `receiver_id` int(11) NOT NULL,
  `sender_role` enum('admin','teacher','student','parent') NOT NULL,
  `receiver_role` enum('admin','teacher','student','parent') NOT NULL,
  `message_content` text NOT NULL,
  `created_at` timestamp NOT NULL DEFAULT current_timestamp(),
  `is_read` tinyint(1) DEFAULT 0
) ENGINE=InnoDB DEFAULT CHARSET=utf8mb4 COLLATE=utf8mb4_general_ci;

--
-- Dumping data for table `messages`
--

INSERT INTO `messages` (`id`, `sender_id`, `receiver_id`, `sender_role`, `receiver_role`, `message_content`, `created_at`, `is_read`) VALUES
(1, 1, 2, 'admin', 'student', 'Hello, this is a test message from admin to user.', '2024-10-31 08:43:47', 0),
(2, 1, 59, 'admin', 'student', 'Hello, this is a sample message from admin to user.', '2024-10-31 08:56:23', 0),
(3, 31, 24, 'admin', 'admin', 'fg', '2024-11-01 22:08:47', 0),
(4, 31, 25, 'admin', 'admin', 'hi', '2024-11-01 22:08:56', 0),
(5, 31, 28, 'admin', 'admin', 'g', '2024-11-01 22:12:40', 0),
(6, 31, 59, 'admin', 'admin', 'hi', '2024-11-01 22:13:21', 0),
(7, 31, 61, 'admin', 'admin', 'hh', '2024-11-01 22:37:10', 0),
(8, 61, 31, 'admin', 'admin', 'hello', '2024-11-01 22:37:23', 0),
(9, 31, 25, 'admin', 'admin', 'F', '2024-11-01 22:40:26', 0),
(10, 31, 25, 'admin', 'admin', 'F', '2024-11-01 22:41:37', 0),
(11, 31, 25, 'admin', 'admin', 'F', '2024-11-01 22:41:40', 0),
(12, 31, 24, 'admin', 'admin', 'FV', '2024-11-01 22:43:21', 0),
(13, 31, 24, 'admin', 'admin', 'VC', '2024-11-01 22:49:01', 0),
(14, 31, 24, 'admin', 'admin', 'C', '2024-11-01 22:50:11', 0),
(15, 31, 24, 'admin', 'admin', 'B', '2024-11-01 22:58:06', 0),
(16, 31, 24, 'admin', 'admin', 'B', '2024-11-01 22:58:09', 0),
(17, 31, 24, 'admin', 'admin', 'SDDDDDDDDDDDDDDDDDDDDDDD', '2024-11-01 23:01:59', 0),
(18, 31, 24, 'admin', 'admin', 'CV', '2024-11-01 23:03:51', 0),
(19, 31, 24, 'admin', 'admin', 'MM', '2024-11-01 23:06:10', 0),
(20, 31, 24, 'admin', 'admin', 'V', '2024-11-01 23:06:55', 0),
(21, 31, 24, 'admin', 'admin', 'ff', '2024-11-02 05:55:21', 0),
(22, 31, 61, 'admin', 'admin', 'hi rhoel', '2024-11-02 05:55:53', 0),
(23, 61, 31, 'admin', 'admin', 'cc', '2024-11-02 09:19:33', 0),
(24, 31, 24, 'admin', 'admin', 'ds', '2024-11-02 10:06:59', 0);

-- --------------------------------------------------------

--
-- Table structure for table `message_logs`
--

CREATE TABLE `message_logs` (
  `id` int(11) NOT NULL,
  `recipient_phone` varchar(15) NOT NULL,
  `message` text NOT NULL,
  `status` enum('pending','sent','failed') DEFAULT 'pending',
  `response` text DEFAULT NULL,
  `timestamp` timestamp NOT NULL DEFAULT current_timestamp()
) ENGINE=InnoDB DEFAULT CHARSET=utf8mb4 COLLATE=utf8mb4_general_ci;

--
-- Dumping data for table `message_logs`
--

INSERT INTO `message_logs` (`id`, `recipient_phone`, `message`, `status`, `response`, `timestamp`) VALUES
(1, '09656189470', 'tu', 'sent', '{\"status\":200,\"message\":\"Your bulk SMS messages have been successfully added to the queue and will be processed shortly.\"}', '2024-11-02 23:58:29'),
(2, '09217172369', 'tu', 'sent', '{\"status\":200,\"message\":\"Your bulk SMS messages have been successfully added to the queue and will be processed shortly.\"}', '2024-11-02 23:58:30'),
(3, '1234567890', 'parent', 'sent', '{\"status\":200,\"message\":\"Your bulk SMS messages have been successfully added to the queue and will be processed shortly.\"}', '2024-11-02 23:59:56'),
(4, '09656189470', 'parent', 'sent', '{\"status\":200,\"message\":\"Your bulk SMS messages have been successfully added to the queue and will be processed shortly.\"}', '2024-11-02 23:59:56'),
(5, '09656189470', 'Test student', 'sent', '{\"status\":200,\"message\":\"Your bulk SMS messages have been successfully added to the queue and will be processed shortly.\"}', '2024-11-03 00:08:22'),
(6, '09217172369', 'Test student', 'sent', '{\"status\":200,\"message\":\"Your bulk SMS messages have been successfully added to the queue and will be processed shortly.\"}', '2024-11-03 00:08:23'),
(7, '09656189470', 'student testing bulk', 'sent', '{\"status\":200,\"message\":\"Your bulk SMS messages have been successfully added to the queue and will be processed shortly.\"}', '2024-11-03 00:12:17'),
(8, '09850261493', 'student testing bulk', 'sent', '{\"status\":200,\"message\":\"Your bulk SMS messages have been successfully added to the queue and will be processed shortly.\"}', '2024-11-03 00:12:18'),
(9, '09217172369', 'student testing bulk', 'sent', '{\"status\":200,\"message\":\"Your bulk SMS messages have been successfully added to the queue and will be processed shortly.\"}', '2024-11-03 00:12:18'),
(10, '09656189470', 'try now', 'sent', '{\"status\":200,\"message\":\"Your bulk SMS messages have been successfully added to the queue and will be processed shortly.\"}', '2024-11-03 00:52:39'),
(11, '09850261493', 'try now', 'sent', '{\"status\":200,\"message\":\"Your bulk SMS messages have been successfully added to the queue and will be processed shortly.\"}', '2024-11-03 00:52:40'),
(12, '09217172369', 'try now', 'sent', '{\"status\":200,\"message\":\"Your bulk SMS messages have been successfully added to the queue and will be processed shortly.\"}', '2024-11-03 00:52:42'),
(13, '09656189470', 'try sms bulk ', 'sent', '{\"status\":200,\"message\":\"Your bulk SMS messages have been successfully added to the queue and will be processed shortly.\"}', '2024-11-03 03:31:17'),
(14, '09850261493', 'try sms bulk ', 'sent', '{\"status\":200,\"message\":\"Your bulk SMS messages have been successfully added to the queue and will be processed shortly.\"}', '2024-11-03 03:31:18'),
(15, '09217172369', 'try sms bulk ', 'sent', '{\"status\":200,\"message\":\"Your bulk SMS messages have been successfully added to the queue and will be processed shortly.\"}', '2024-11-03 03:31:19');

-- --------------------------------------------------------

--
-- Table structure for table `notifications`
--

CREATE TABLE `notifications` (
  `id` int(11) NOT NULL,
  `user_id` int(11) NOT NULL,
  `message` varchar(255) DEFAULT NULL,
  `type` varchar(50) DEFAULT NULL,
  `status` enum('unread','read') DEFAULT 'unread',
  `created_at` timestamp NOT NULL DEFAULT current_timestamp()
) ENGINE=InnoDB DEFAULT CHARSET=utf8mb4 COLLATE=utf8mb4_general_ci;

--
-- Dumping data for table `notifications`
--

INSERT INTO `notifications` (`id`, `user_id`, `message`, `type`, `status`, `created_at`) VALUES
(1, 49, 'Your profile was updated by the admin. Please review the changes.', NULL, 'read', '2024-10-27 16:36:46'),
(2, 49, 'Your profile was updated by the admin. Please review the changes.', NULL, 'read', '2024-10-27 16:36:46'),
(3, 59, 'Your profile was updated by the admin. Please review the changes.', NULL, 'read', '2024-10-27 16:51:18'),
(4, 59, 'Your profile was updated by the admin. Please review the changes.', NULL, 'read', '2024-10-27 16:51:19'),
(5, 59, 'Your profile was updated by the admin. Please review the changes.', NULL, 'read', '2024-10-27 16:52:46'),
(6, 59, 'Your profile was updated by the admin. Please review the changes.', NULL, 'read', '2024-10-28 16:50:50'),
(7, 59, 'Your profile was updated by the admin. Please review the changes.', NULL, 'read', '2024-10-28 16:50:51'),
(8, 65, 'Your profile was updated by the admin. Please review the changes.', NULL, 'read', '2024-10-29 08:22:22'),
(9, 65, 'Your profile was updated by the admin. Please review the changes.', NULL, 'read', '2024-10-29 08:22:23'),
(10, 49, 'Your profile was updated by the admin. Please review the changes.', NULL, 'unread', '2024-10-29 08:48:54'),
(11, 49, 'Your profile was updated by the admin. Please review the changes.', NULL, 'unread', '2024-10-29 08:49:54'),
(12, 49, 'Your profile was updated by the admin. Please review the changes.', NULL, 'unread', '2024-10-29 09:33:01'),
(13, 59, 'Your profile was updated by the admin. Please review the changes.', NULL, 'read', '2024-10-29 09:38:28'),
(14, 59, 'Your profile was updated by the admin. Please review the changes.', NULL, 'read', '2024-10-29 18:11:04'),
(15, 59, 'Your profile was updated by the admin. Please review the changes.', NULL, 'read', '2024-10-29 20:30:10'),
(16, 59, 'Your profile was updated by the admin. Please review the changes.', NULL, 'read', '2024-10-30 18:38:15'),
(17, 59, 'Your profile was updated by the admin. Please review the changes.', NULL, 'read', '2024-10-30 18:47:18'),
(18, 59, 'Your profile was updated by the admin. Please review the changes.', NULL, 'read', '2024-10-30 19:16:30'),
(19, 59, 'Your profile was updated by the admin. Please review the changes.', NULL, 'read', '2024-10-30 20:11:21'),
(20, 59, 'Your profile was updated by the admin. Please review the changes.', NULL, 'read', '2024-10-30 20:46:51'),
(21, 59, 'Your profile was updated by the admin. Please review the changes.', NULL, 'read', '2024-10-30 21:01:51'),
(22, 59, 'Your profile was updated by the admin. Please review the changes.', NULL, 'read', '2024-10-30 21:03:05'),
(23, 59, 'Your profile was updated by the admin. Please review the changes.', NULL, 'read', '2024-10-30 21:49:43'),
(24, 65, 'Your profile was updated by the admin. Please review the changes.', NULL, 'read', '2024-10-30 21:50:13'),
(25, 65, 'Your profile was updated by the admin. Please review the changes.', NULL, 'read', '2024-10-30 21:51:05'),
(26, 65, 'Your profile was updated by the admin. Please review the changes.', NULL, 'read', '2024-10-30 21:51:05'),
(27, 59, 'Your profile was updated by the admin. Please review the changes.', NULL, 'read', '2024-10-30 22:06:58'),
(28, 59, 'Your profile was updated by the admin. Please review the changes.', NULL, 'read', '2024-10-30 22:09:27'),
(29, 59, 'Your profile was updated by the admin. Please review the changes.', NULL, 'read', '2024-10-30 22:30:57'),
(30, 59, 'Your profile was updated by the admin. Please review the changes.', NULL, 'read', '2024-10-30 22:34:25'),
(31, 59, 'Your profile was updated by the admin. Please review the changes.', NULL, 'read', '2024-10-30 22:57:30'),
(32, 59, 'Your profile was updated by the admin. Please review the changes.', NULL, 'read', '2024-10-30 23:00:26'),
(33, 59, 'Your profile was updated by the admin. Please review the changes.', NULL, 'read', '2024-10-30 23:31:56'),
(34, 59, 'Your profile was updated by the admin. Please review the changes.', NULL, 'read', '2024-10-30 23:53:50'),
(35, 59, 'Your profile was updated by the admin. Please review the changes.', NULL, 'read', '2024-10-31 00:13:18'),
(36, 59, 'Your profile was updated by the admin. Please review the changes.', NULL, 'read', '2024-10-31 00:18:30'),
(37, 59, 'Your profile was updated by the admin. Please review the changes.', NULL, 'read', '2024-10-31 06:40:10'),
(38, 59, 'Your profile was updated by the admin. Please review the changes.', NULL, 'read', '2024-10-31 16:11:12'),
(39, 59, 'Your profile was updated by the admin. Please review the changes.', NULL, 'read', '2024-10-31 16:22:23'),
(40, 59, 'Your profile was updated by the admin. Please review the changes.', NULL, 'read', '2024-11-01 21:30:32'),
(41, 59, 'Your profile was updated by the admin. Please review the changes.', NULL, 'read', '2024-11-01 21:30:42'),
(42, 59, 'Your profile was updated by the admin. Please review the changes.', NULL, 'unread', '2024-11-02 07:07:09'),
(43, 50, 'Your profile was updated by the admin. Please review the changes.', NULL, 'unread', '2024-11-02 17:16:39'),
(44, 59, 'Your profile was updated by the admin. Please review the changes.', NULL, 'unread', '2024-11-02 18:54:21');

-- --------------------------------------------------------

--
-- Table structure for table `parents`
--

CREATE TABLE `parents` (
  `parent_id` int(11) NOT NULL,
  `full_name` varchar(255) NOT NULL,
  `email` varchar(255) NOT NULL,
  `phone` varchar(20) DEFAULT NULL,
  `address` varchar(255) DEFAULT NULL,
  `password` varchar(255) NOT NULL,
  `student_id` int(11) DEFAULT NULL,
  `created_at` timestamp NOT NULL DEFAULT current_timestamp(),
  `updated_at` timestamp NOT NULL DEFAULT current_timestamp() ON UPDATE current_timestamp()
) ENGINE=InnoDB DEFAULT CHARSET=utf8mb4 COLLATE=utf8mb4_general_ci;

--
-- Dumping data for table `parents`
--

INSERT INTO `parents` (`parent_id`, `full_name`, `email`, `phone`, `address`, `password`, `student_id`, `created_at`, `updated_at`) VALUES
(3, 'Sample Parent', 'parent@gmail.com', '1234567890', 'Parent Address', 'parent123', 57, '2024-10-27 14:46:32', '2024-10-27 14:46:55'),
(7, 'Imelda', 'imeldac@gmail.com', '09656189470', NULL, '$2y$10$5B1FrbvxdDie8a24VlazUO8RHIrB.0WUpjMnKkJnEpbWlMwWUQDS.', 61, '2024-10-30 23:30:22', '2024-11-02 16:10:58');

-- --------------------------------------------------------

--
-- Table structure for table `rfid_logs`
--

CREATE TABLE `rfid_logs` (
  `log_id` int(11) NOT NULL,
  `rfid_uid` varchar(50) NOT NULL,
  `name` varchar(100) DEFAULT NULL,
  `grade_level` varchar(50) DEFAULT NULL,
  `section` varchar(50) DEFAULT NULL,
  `rfid_no` varchar(50) NOT NULL,
  `status` varchar(50) DEFAULT NULL,
  `scan_time` timestamp NOT NULL DEFAULT current_timestamp(),
  `event_type` enum('Entry','Exit') DEFAULT NULL
) ENGINE=InnoDB DEFAULT CHARSET=utf8mb4 COLLATE=utf8mb4_general_ci;

-- --------------------------------------------------------

--
-- Table structure for table `rfid_tags`
--

CREATE TABLE `rfid_tags` (
  `id` int(11) NOT NULL,
  `rfid_tag` varchar(50) NOT NULL,
  `user_id` int(11) NOT NULL,
  `type` enum('student','teacher','admin') NOT NULL,
  `issued_date` date NOT NULL
) ENGINE=InnoDB DEFAULT CHARSET=utf8mb4 COLLATE=utf8mb4_general_ci;

-- --------------------------------------------------------

--
-- Table structure for table `sections`
--

CREATE TABLE `sections` (
  `id` int(11) NOT NULL,
  `section` varchar(50) NOT NULL,
  `grade_level_id` int(11) DEFAULT NULL
) ENGINE=InnoDB DEFAULT CHARSET=utf8mb4 COLLATE=utf8mb4_general_ci;

--
-- Dumping data for table `sections`
--

INSERT INTO `sections` (`id`, `section`, `grade_level_id`) VALUES
(1, 'Diligent', NULL),
(4, 'Hope', NULL),
(6, 'Polite', NULL),
(7, 'Obedient', NULL),
(8, 'Dignity', NULL),
(13, 'Perseverance', NULL),
(14, 'Humility', NULL),
(15, 'Effecient', NULL),
(16, 'Integrity', NULL),
(17, 'Noble', NULL);

-- --------------------------------------------------------

--
-- Table structure for table `sms_log`
--

CREATE TABLE `sms_log` (
  `id` int(11) NOT NULL,
  `user_id` int(11) DEFAULT NULL,
  `message` text DEFAULT NULL,
  `sent_at` datetime DEFAULT NULL
) ENGINE=InnoDB DEFAULT CHARSET=utf8mb4 COLLATE=utf8mb4_general_ci;

-- --------------------------------------------------------

--
-- Table structure for table `sms_settings`
--

CREATE TABLE `sms_settings` (
  `id` int(11) NOT NULL,
  `sender_name` varchar(255) NOT NULL,
  `notification_status` enum('enabled','disabled') NOT NULL,
  `notification_event` enum('entry','exit','both') NOT NULL,
  `parent_notification` enum('yes','no') NOT NULL,
  `sms_template` text NOT NULL
) ENGINE=InnoDB DEFAULT CHARSET=utf8mb4 COLLATE=utf8mb4_general_ci;

--
-- Dumping data for table `sms_settings`
--

INSERT INTO `sms_settings` (`id`, `sender_name`, `notification_status`, `notification_event`, `parent_notification`, `sms_template`) VALUES
(1, 'Administrator', 'enabled', 'both', 'yes', 'HI');

-- --------------------------------------------------------

--
-- Table structure for table `studentreport`
--

CREATE TABLE `studentreport` (
  `report_id` int(11) NOT NULL,
  `student_id` int(11) DEFAULT NULL,
  `total_class_days` int(11) DEFAULT 0,
  `present_days` int(11) DEFAULT 0,
  `absent_days` int(11) DEFAULT 0,
  `late_days` int(11) DEFAULT 0,
  `remark` varchar(255) DEFAULT 'N/A'
) ENGINE=InnoDB DEFAULT CHARSET=utf8mb4 COLLATE=utf8mb4_general_ci;

-- --------------------------------------------------------

--
-- Table structure for table `students`
--

CREATE TABLE `students` (
  `id` int(11) NOT NULL,
  `user_id` int(11) DEFAULT NULL,
  `lrn` varchar(50) NOT NULL,
  `full_name` varchar(100) NOT NULL,
  `email` varchar(255) DEFAULT NULL,
  `birth_date` date NOT NULL,
  `rfid_uid` varchar(50) DEFAULT NULL,
  `phone` varchar(15) DEFAULT NULL,
  `address` varchar(255) NOT NULL,
  `sex` varchar(10) NOT NULL,
  `guardian` varchar(100) NOT NULL,
  `contact` varchar(50) NOT NULL,
  `image` varchar(255) DEFAULT NULL,
  `grade_level_id` int(11) DEFAULT NULL,
  `section_id` int(11) DEFAULT NULL,
  `image_path` varchar(255) DEFAULT NULL,
  `parent_id` int(11) DEFAULT NULL,
  `is_archived` tinyint(1) DEFAULT 0,
  `created_by` int(11) DEFAULT NULL,
  `status` tinyint(1) DEFAULT 0
) ENGINE=InnoDB DEFAULT CHARSET=utf8mb4 COLLATE=utf8mb4_general_ci;

--
-- Dumping data for table `students`
--

INSERT INTO `students` (`id`, `user_id`, `lrn`, `full_name`, `email`, `birth_date`, `rfid_uid`, `phone`, `address`, `sex`, `guardian`, `contact`, `image`, `grade_level_id`, `section_id`, `image_path`, `parent_id`, `is_archived`, `created_by`, `status`) VALUES
(48, 31, '202432212', 'Banaya', '', '2002-04-03', '00121342', NULL, 'Tokyo', 'Male', 'Testtt', '0956293721', 'uploads/671726550f9c5.png', 14, 4, NULL, NULL, 0, NULL, 1),
(56, 48, '202110162', 'Jo', 'joanna@gmail.com', '0000-00-00', '0036712078', '09656189470', '', '', '', '', NULL, 15, 6, NULL, NULL, 0, NULL, 1),
(57, 49, '20218310', 'Joanna Catayoc', 'jocatayoc15@gmail.com', '2001-02-15', '0036509742', NULL, '123 Main St', 'Female', 'Sample Parent', '0956293721', 'uploads/462534378_1671012606775868_3543541410083577234_n.jpg', 12, 1, NULL, 3, 0, NULL, 1),
(58, 50, '202110152', 'Jm Villarin', 'jmvillarin@gmail.com', '0000-00-00', '0036545515', NULL, '', 'Male', '', '09604127474', NULL, 11, 8, NULL, NULL, 0, NULL, 1),
(59, 51, '202110132', 'Kaye Badiola', 'kaye@gmail.com', '0000-00-00', '00121111', NULL, '', '', '', '', NULL, 10, 1, NULL, NULL, 1, NULL, 0),
(60, 52, '202110255', 'Marcelino Villarin', 'bushybrows057@gmail.com', '0000-00-00', NULL, '09850261493', '', '', '', '', NULL, NULL, NULL, NULL, NULL, 0, NULL, 1),
(61, 59, '202110163', 'Joanna F.', 'joannacatayoc12@gmail.com', '0000-00-00', '0036500854', '09217172369', '', 'Male', '', '', 'uploads/profile_202110163_1730496632.jpg', 15, 1, NULL, NULL, 0, NULL, 1),
(62, 63, '202110333', 'Joanna F. Catayoc', 'catayocjoanna@gmail.com', '0000-00-00', NULL, NULL, '', '', '', '', NULL, NULL, NULL, NULL, NULL, 0, NULL, 0),
(63, 65, '20211166', 'Marcel Villar', 'villar@gmail.com', '2001-10-27', '', NULL, '', 'Male', '', '', 'uploads/profile_20211166_1730325013.png', 6, 4, NULL, NULL, 0, NULL, 1),
(64, 67, '202110177', 'Kaye nat', 'nat@gmail.com', '0000-00-00', NULL, NULL, '', '', '', '', NULL, NULL, NULL, NULL, NULL, 0, NULL, 0),
(65, 68, '202110178', 'Joji', 'joji', '0000-00-00', NULL, NULL, '', '', '', '', NULL, NULL, NULL, NULL, NULL, 0, NULL, 0),
(66, 71, '202110444', 'LA', 'la@gmail.com', '0000-00-00', NULL, NULL, '', '', '', '', NULL, NULL, NULL, NULL, NULL, 0, NULL, 0);

-- --------------------------------------------------------

--
-- Table structure for table `teachers`
--

CREATE TABLE `teachers` (
  `id` int(11) NOT NULL,
  `user_id` int(11) DEFAULT NULL,
  `employee_id` varchar(20) NOT NULL,
  `full_name` varchar(100) NOT NULL,
  `email` varchar(100) NOT NULL,
  `phone` varchar(20) DEFAULT NULL,
  `rfid_uid` varchar(50) DEFAULT NULL,
  `grade_level_id` int(11) DEFAULT NULL,
  `section_id` int(11) DEFAULT NULL,
  `image` varchar(255) DEFAULT NULL,
  `created_at` timestamp NOT NULL DEFAULT current_timestamp(),
  `is_archived` tinyint(1) DEFAULT 0
) ENGINE=InnoDB DEFAULT CHARSET=utf8mb4 COLLATE=utf8mb4_general_ci;

--
-- Dumping data for table `teachers`
--

INSERT INTO `teachers` (`id`, `user_id`, `employee_id`, `full_name`, `email`, `phone`, `rfid_uid`, `grade_level_id`, `section_id`, `image`, `created_at`, `is_archived`) VALUES
(1, 34, '000001', 'Teacher Sample2', 'teachersample2@gmail.com', NULL, NULL, 8, 6, NULL, '2024-10-21 07:10:47', 1),
(2, 35, '000002', 'Lyn Dy', 'lyn@gmail.com', '0932332273', '0036766614', 6, 1, 'uploads/teacher (4).png', '2024-10-21 15:19:53', 0),
(3, 38, '000003', 'TeacherTest', 'teachertest@gmail.com', '09218292837', '0012121', 11, 6, NULL, '2024-10-21 17:02:19', 1),
(4, 39, '000004', 'Test', 'test@gmail.com', '09218292837', '0012123', 7, 1, 'uploads/image_processing20200511-32371-w2q8og.png', '2024-10-21 17:06:12', 0),
(6, 53, '000006', 'Sir Bogs', 'bogs@gmail.com', '09218292837', '00323121', 9, 1, 'uploads/OIP (3).jpg', '2024-10-24 11:43:55', 1),
(7, 61, '', 'Rhoel Sarino', 'rhoel@gmail.com', '', '', NULL, NULL, '../uploads/download (12).jpg', '2024-10-28 16:05:44', 0);

-- --------------------------------------------------------

--
-- Table structure for table `teacher_assignments`
--

CREATE TABLE `teacher_assignments` (
  `id` int(11) NOT NULL,
  `teacher_id` int(11) NOT NULL,
  `grade_level_id` int(11) NOT NULL,
  `section_id` int(11) NOT NULL,
  `employee_id` varchar(20) DEFAULT NULL
) ENGINE=InnoDB DEFAULT CHARSET=utf8mb4 COLLATE=utf8mb4_general_ci;

--
-- Dumping data for table `teacher_assignments`
--

INSERT INTO `teacher_assignments` (`id`, `teacher_id`, `grade_level_id`, `section_id`, `employee_id`) VALUES
(13, 1, 7, 4, NULL),
(14, 1, 13, 4, NULL),
(15, 2, 8, 6, NULL),
(16, 2, 7, 7, NULL),
(17, 1, 6, 6, NULL),
(18, 1, 8, 6, NULL),
(19, 2, 11, 6, NULL),
(21, 2, 6, 1, NULL),
(22, 3, 7, 1, NULL),
(23, 3, 11, 6, NULL),
(24, 4, 7, 1, NULL),
(25, 6, 8, 4, NULL),
(26, 6, 9, 1, NULL);

-- --------------------------------------------------------

--
-- Table structure for table `users`
--

CREATE TABLE `users` (
  `id` int(11) NOT NULL,
  `full_name` varchar(255) DEFAULT NULL,
  `email` varchar(255) NOT NULL,
  `password` varchar(255) NOT NULL,
  `role` enum('admin','teacher','student','parent') NOT NULL,
  `created_at` timestamp NOT NULL DEFAULT current_timestamp(),
  `reset_token` varchar(100) DEFAULT NULL,
  `reset_token_expiry` datetime DEFAULT NULL,
  `archived` tinyint(1) DEFAULT 0,
  `archived_at` datetime DEFAULT NULL
) ENGINE=InnoDB DEFAULT CHARSET=utf8mb4 COLLATE=utf8mb4_general_ci;

--
-- Dumping data for table `users`
--

INSERT INTO `users` (`id`, `full_name`, `email`, `password`, `role`, `created_at`, `reset_token`, `reset_token_expiry`, `archived`, `archived_at`) VALUES
(24, 'Teacher1', 'teacher1@gmail.com', '$2y$10$MRxpc4ZseDtxmek.JsNV.u6DPSPH/l/3w.HQhr2aSr7GcP7bkolCm', 'teacher', '2024-10-17 02:29:03', NULL, NULL, 0, NULL),
(25, 'Admin1', 'admin1@gmail.com', '$2y$10$N2IFG.9QjDWAsKhqvFt7T.PpQtAvS9WbvNDHGvw2mZMl.9wOBHnAW', 'admin', '2024-10-17 02:31:08', '867ef4b4e7d637e52e18a279db37007b', NULL, 0, '2024-10-18 00:49:46'),
(26, 'Admin2', 'admin2@gmail.com', '$2y$10$7ElAR0jTto0aA8ExgFm4AO1AabI.pZWTUIet4b68fLouUYPfpIwE2', 'admin', '2024-10-17 06:29:08', NULL, NULL, 0, '2024-10-17 19:21:05'),
(27, 'Admin3', 'admin3@gmail.com', '$2y$10$RLu/mpe180lBEHKx9qTM3OK0Tul0oI1ccZ9QhqmRa1MyC0puvgFY.', 'admin', '2024-10-17 06:52:57', NULL, NULL, 0, NULL),
(28, 'Test', 'testing@gmail.com', '$2y$10$DLvGL1tDj990FdIZjVdWW.yz.xM7z80K4VKdEDVR6y9h3Y4gU25O6', 'admin', '2024-10-17 11:26:24', NULL, NULL, 1, '2024-10-17 20:42:28'),
(29, 'Teacher2', 'teacher2@gmail.com', '$2y$10$30WcE0nparqSAHOGUDBOsu.45DQpFS0s6jZ1JfePDR1/tKsCsw19a', 'teacher', '2024-10-17 17:01:32', NULL, NULL, 0, NULL),
(31, 'Administrator', 'newadmin@gmail.com', '$2y$10$rSQF6KpDniO9wL6mSxe9luUwy.FTKprJ1Kzz6szrkpktzO6l39e4m', 'admin', '2024-10-18 16:06:34', NULL, NULL, 0, NULL),
(33, 'Teacher Sample', 'teachersample@gmail.com', '$2y$10$MlUwHheOiH/Cmo764xsW6.xOC1YLvB9pddmffpyklXJ0IzZQHMOZm', 'teacher', '2024-10-21 06:56:16', NULL, NULL, 0, NULL),
(34, 'Teacher Sample2', 'teachersample2@gmail.com', '$2y$10$t57my6Uh/B/qzA2QXjwn0Orzz5rlgVnz7lHp8ftWpdCB45vFeyZgC', 'teacher', '2024-10-21 07:10:47', NULL, NULL, 0, NULL),
(35, NULL, 'lyn@gmail.com', '', 'teacher', '2024-10-21 15:19:53', NULL, NULL, 1, '2024-10-24 19:13:09'),
(36, 'Student Sample', 'stud@gmail.com', '$2y$10$PIPOMPpwrHKx0nkdnvQKMO9t4a51FUFb2X3LNrYV9HItW5Bn8jS3O', 'student', '2024-10-21 15:53:21', NULL, NULL, 0, NULL),
(37, 'TeacherAdd', 'teacheradd@gmail.com', '$2y$10$vLOqTHAtyiTn.faPD9qPv.4wAGSEg9E78Bga1tOPVBeLNxsXuoAAu', 'teacher', '2024-10-21 16:56:07', NULL, NULL, 0, NULL),
(38, 'TeacherTest', 'teachertest@gmail.com', '$2y$10$7pwSovdlg1IC9ge/NuGsxez1sRaM9oxnbM/YdfiN0he5QMlyag0MS', 'teacher', '2024-10-21 17:02:19', NULL, NULL, 0, NULL),
(39, 'Test', 'test@gmail.com', '$2y$10$l1CCmreGPhTKSEnuIee2k.DKgydA3FnEZk/bZW3MN6sm5IrH8stee', 'teacher', '2024-10-21 17:06:12', NULL, NULL, 1, '2024-10-27 22:52:24'),
(40, 'Testing Now', 'testingnow@gmail.com', '$2y$10$mz74GUPI11x2.arM6oaWmO5F7BIa4Ezn1q9ceLOIb7Kx2FP/hKmIq', 'teacher', '2024-10-22 02:27:20', NULL, NULL, 1, '2024-10-27 22:52:24'),
(42, 'WW', 'wer@gmail.com', '$2y$10$RZBrz0GOraBRd2PeLjJJ/Ov3NmBJJR1Atf5gnf7JEoYcV/tNz.2le', 'student', '2024-10-22 19:52:25', NULL, NULL, 1, '2024-10-27 22:52:24'),
(45, 'studreg', 'studreg@gmail.com', '$2y$10$NRYgIpVFxJ/zrHj1wMs0su.8qvuF3gqS4Rv34G2lI0XfhGLkGy1Ca', 'student', '2024-10-22 20:11:41', NULL, NULL, 0, NULL),
(46, 'Joanna Catayoc', 'jo@gmail.com', '$2y$10$mMR5Sj08M0CxFynAK6KDme4FZpyNibUY15bjNvOHqerZ0gVugx3bi', 'student', '2024-10-22 21:45:00', NULL, NULL, 0, NULL),
(47, 'Student Sample', 'stu@gmail.com', '$2y$10$tY6miGo5As/IjJ0m9RYTfu.k0adI9HDuDNMv6v8FwywngYkPyWosq', 'student', '2024-10-22 21:45:42', NULL, NULL, 0, NULL),
(48, 'Jo', 'joanna@gmail.com', '$2y$10$hHIHiW2DWfTgnlmUC.VHQui/dw96kJJXxbrbXnQ11YhP4di5KZHFm', 'student', '2024-10-22 22:51:09', NULL, NULL, 0, NULL),
(49, 'Joanna Catayoc', 'jocatayoc15@gmail.com', '$2y$10$LAywmG9wHRW.lxH32SLTrezB7gl6CZ7ROIHbe68hy5BXIJ06O7iji', 'student', '2024-10-23 01:09:53', '024c4a4f2dbe3df4065811bb2984609d', NULL, 0, NULL),
(50, 'Jm Villarin', 'jmvillarin@gmail.com', '$2y$10$qPXBiGq76M6vz818KgjtRe.gDEFCroWBp4ThBnp0LtUugvCuP5vcm', 'student', '2024-10-23 05:39:38', NULL, NULL, 0, NULL),
(51, 'Kaye Badiola', 'kaye@gmail.com', '$2y$10$c1LWiytzWWi4d3QNTAW2h.3PAQiaJRJIDL282FUdx7Tlm9EtKrYdm', 'student', '2024-10-23 06:14:37', NULL, NULL, 0, NULL),
(52, 'Marcelino Villarin', 'bushybrows057@gmail.com', '$2y$10$yIDiiD7iN3n.KFukIG.snu/6ft3AfBWogxa3SmfFfOjyqHB24QZ4i', 'student', '2024-10-24 06:07:31', NULL, NULL, 0, NULL),
(53, 'Sir Bogs', 'bogs@gmail.com', '$2y$10$VU6hE7asymmYR4G9e1C4N.1v4xUCWxuhcsBE8/A/8dGdQlhhIYunW', 'teacher', '2024-10-24 11:43:55', NULL, NULL, 0, NULL),
(56, 'Mamama', 'mamama@gmail.com', '$2y$10$sL9IpfZK.1YGhUN4yi6lYupiOlXjbNaxThlXdbyNW2yp.ASgRf9He', 'parent', '2024-10-27 08:27:07', NULL, NULL, 0, NULL),
(57, 'Mamamo', 'mama@gmail.com', '$2y$10$VFj4d.vxOREQSkQFIP6/eeH39HZfXczk/wOEDTukqNE6aq0ooK2Zy', 'parent', '2024-10-27 08:41:38', NULL, NULL, 0, NULL),
(58, 'MOM', 'mamamosvm1@gmail.com', '$2y$10$FLrThx0jQvnjyEoLm80AGuliYi4rYLYn1Z.G48HcqV60pm2PqayJi', 'parent', '2024-10-27 13:42:34', NULL, NULL, 0, NULL),
(59, 'Jo ', 'joannacatayoc12@gmail.com', '$2y$10$siQRCQsmG220U.nZU5ctCOInDuvOA9nD57nn4dM.eruCGn7QtwUOy', 'student', '2024-10-27 15:06:21', NULL, NULL, 0, NULL),
(60, 'Imelda', 'imeldacatayoc@gmail.con', '$2y$10$T3WeoQI8z1eBvUI1E1njPOQtvIA/Zn5NtGVpC5EQMlgww73e7TUTi', 'parent', '2024-10-27 15:07:19', NULL, NULL, 0, NULL),
(61, 'Rhoel Sarino', 'rhoel@gmail.com', '$2y$10$G0k2Kt46juS7pgW.wlaC.utWhRDEPLWYzEpaz6ss6DLNSe7FjXFuq', 'teacher', '2024-10-28 16:05:44', NULL, NULL, 0, NULL),
(62, 'Rey Anthony', 'rey@gmail.com', '$2y$10$H.xQGjZny.knbAxNWUV0YuUDxBhqDl9Bw2i30VifCo7DfM.OrQOyi', 'teacher', '2024-10-28 16:08:23', NULL, NULL, 0, NULL),
(63, 'Joanna F. Catayoc', 'catayocjoanna@gmail.com', '$2y$10$h0n5XDQJGMhsyKz3PDZ3TuvBq.FZRqZZyUgJs/g1d8E1wxmJSC95e', 'student', '2024-10-29 06:20:41', NULL, NULL, 0, NULL),
(64, 'Grace Cy', 'grace@gmail.com', '$2y$10$lB4x3r07fxtdUX7sfTGQFOoqtH1wZYI6zgZwe0Z84W6jBjlD.Uvk6', 'teacher', '2024-10-29 06:59:06', NULL, NULL, 0, NULL),
(65, 'Marcel Villar', 'villar@gmail.com', '$2y$10$wH/Lh6rv7Mp0k8FvZIilIeRHggzZHMd9xImjEhwqBlnrSuj2mTqLq', 'student', '2024-10-29 07:35:41', NULL, NULL, 0, NULL),
(66, 'Evelyn villar', 'Evelyn@gmail.com', '$2y$10$LnClS2siu6ZfdQFGoDuED.detNwkFANfi193uDLfwgBcYBP.eN2py', 'parent', '2024-10-29 08:21:57', NULL, NULL, 0, NULL),
(67, 'Kaye nat', 'nat@gmail.com', '$2y$10$4PCB8Amua/ujctJiu3sX2.26k.fVK44QQ5Hk7lROCnewiL8m3F3Hy', 'student', '2024-10-29 08:25:43', NULL, NULL, 0, NULL),
(68, 'Joji', 'joji', '$2y$10$OXVKSdrctwr2UhEy0EUaT.1MLKn4E.4281xyi9LeSg7aWJvpEgtke', 'student', '2024-10-29 16:52:51', NULL, NULL, 0, NULL),
(69, 'Imelda F. Catayoc', 'imelda@gmail.com', '$2y$10$8J.oC1CTOPK4SjzszAwXG.uRQRxSm1B7hNwQEdA.eL.5hQ9gH0yG2', 'parent', '2024-10-29 20:16:02', NULL, NULL, 0, NULL),
(70, 'Imelda', 'imeldac@gmail.com', '$2y$10$5B1FrbvxdDie8a24VlazUO8RHIrB.0WUpjMnKkJnEpbWlMwWUQDS.', 'parent', '2024-10-30 23:30:22', NULL, NULL, 0, NULL),
(71, 'LA', 'la@gmail.com', '$2y$10$Wx/CW0QP5hTGWRcDSNJIGObJ6iM4qN7NmKIkYkQb/CrlG8e.atyRC', 'student', '2024-10-30 23:33:59', NULL, NULL, 0, NULL),
(72, 'Rams Huele', 'rams@gmail.com', '$2y$10$S4j3sbt62tbh8Bbc7gg9QeGLNvKUyxNX0paPjEfx0emlbxjTGPGbW', 'teacher', '2024-11-02 12:53:02', NULL, NULL, 0, NULL),
(73, 'ReyM', 'reym@gmail.com', '$2y$10$wTkdF7TBXHiwXNl.bMkyRuinNuGfNCZzdWnpWai.XKYyEluiZrlSC', 'teacher', '2024-11-03 05:41:00', NULL, NULL, 0, NULL),
(74, 'Ad', 'ad@gmail.com', '$2y$10$cF7Qn50Ct8wByaLY4fafx.P/tTniKkf4QeCJQyR/0l72RLjWpk7e.', 'admin', '2024-11-03 05:41:44', NULL, NULL, 0, NULL),
(75, 'Mae', 'mae@gmail.com', '$2y$10$zCQn9REBUJnSWS9j9jDT9eHpxL7o8pYEf.Sm7Gv/xtJ5SDOZ6Hapq', 'teacher', '2024-11-03 05:48:44', NULL, NULL, 0, NULL);

--
-- Indexes for dumped tables
--

--
-- Indexes for table `announcements`
--
ALTER TABLE `announcements`
  ADD PRIMARY KEY (`id`);

--
-- Indexes for table `attendance`
--
ALTER TABLE `attendance`
  ADD PRIMARY KEY (`attendance_id`),
  ADD UNIQUE KEY `unique_daily_event` (`user_id`,`event_type`,`scan_date`);

--
-- Indexes for table `grade_levels`
--
ALTER TABLE `grade_levels`
  ADD PRIMARY KEY (`id`);

--
-- Indexes for table `grade_level_sections`
--
ALTER TABLE `grade_level_sections`
  ADD PRIMARY KEY (`id`),
  ADD KEY `teacher_id` (`teacher_id`),
  ADD KEY `grade_level_id` (`grade_level_id`),
  ADD KEY `section_id` (`section_id`);

--
-- Indexes for table `logs`
--
ALTER TABLE `logs`
  ADD PRIMARY KEY (`id`),
  ADD KEY `student_id` (`student_id`);

--
-- Indexes for table `messages`
--
ALTER TABLE `messages`
  ADD PRIMARY KEY (`id`);

--
-- Indexes for table `message_logs`
--
ALTER TABLE `message_logs`
  ADD PRIMARY KEY (`id`);

--
-- Indexes for table `notifications`
--
ALTER TABLE `notifications`
  ADD PRIMARY KEY (`id`);

--
-- Indexes for table `parents`
--
ALTER TABLE `parents`
  ADD PRIMARY KEY (`parent_id`),
  ADD UNIQUE KEY `email` (`email`),
  ADD KEY `student_id` (`student_id`);

--
-- Indexes for table `rfid_logs`
--
ALTER TABLE `rfid_logs`
  ADD PRIMARY KEY (`log_id`);

--
-- Indexes for table `rfid_tags`
--
ALTER TABLE `rfid_tags`
  ADD PRIMARY KEY (`id`),
  ADD UNIQUE KEY `rfid_tag` (`rfid_tag`);

--
-- Indexes for table `sections`
--
ALTER TABLE `sections`
  ADD PRIMARY KEY (`id`),
  ADD KEY `grade_level_id` (`grade_level_id`);

--
-- Indexes for table `sms_log`
--
ALTER TABLE `sms_log`
  ADD PRIMARY KEY (`id`);

--
-- Indexes for table `sms_settings`
--
ALTER TABLE `sms_settings`
  ADD PRIMARY KEY (`id`);

--
-- Indexes for table `studentreport`
--
ALTER TABLE `studentreport`
  ADD PRIMARY KEY (`report_id`),
  ADD KEY `student_id` (`student_id`);

--
-- Indexes for table `students`
--
ALTER TABLE `students`
  ADD PRIMARY KEY (`id`),
  ADD UNIQUE KEY `lrn` (`lrn`),
  ADD UNIQUE KEY `rfid_tag` (`rfid_uid`),
  ADD KEY `fk_parent` (`parent_id`),
  ADD KEY `fk_grade_level_student` (`grade_level_id`),
  ADD KEY `fk_section_student` (`section_id`),
  ADD KEY `user_id` (`user_id`);

--
-- Indexes for table `teachers`
--
ALTER TABLE `teachers`
  ADD PRIMARY KEY (`id`),
  ADD UNIQUE KEY `employee_id` (`employee_id`),
  ADD KEY `user_id` (`user_id`);

--
-- Indexes for table `teacher_assignments`
--
ALTER TABLE `teacher_assignments`
  ADD PRIMARY KEY (`id`),
  ADD UNIQUE KEY `unique_assignment` (`teacher_id`,`grade_level_id`,`section_id`),
  ADD KEY `grade_level_id` (`grade_level_id`),
  ADD KEY `section_id` (`section_id`),
  ADD KEY `fk_employee_id` (`employee_id`);

--
-- Indexes for table `users`
--
ALTER TABLE `users`
  ADD PRIMARY KEY (`id`),
  ADD UNIQUE KEY `email` (`email`);

--
-- AUTO_INCREMENT for dumped tables
--

--
-- AUTO_INCREMENT for table `announcements`
--
ALTER TABLE `announcements`
  MODIFY `id` int(11) NOT NULL AUTO_INCREMENT, AUTO_INCREMENT=143;

--
-- AUTO_INCREMENT for table `attendance`
--
ALTER TABLE `attendance`
  MODIFY `attendance_id` int(11) NOT NULL AUTO_INCREMENT, AUTO_INCREMENT=52;

--
-- AUTO_INCREMENT for table `grade_levels`
--
ALTER TABLE `grade_levels`
  MODIFY `id` int(11) NOT NULL AUTO_INCREMENT, AUTO_INCREMENT=19;

--
-- AUTO_INCREMENT for table `grade_level_sections`
--
ALTER TABLE `grade_level_sections`
  MODIFY `id` int(11) NOT NULL AUTO_INCREMENT;

--
-- AUTO_INCREMENT for table `logs`
--
ALTER TABLE `logs`
  MODIFY `id` int(11) NOT NULL AUTO_INCREMENT, AUTO_INCREMENT=6;

--
-- AUTO_INCREMENT for table `messages`
--
ALTER TABLE `messages`
  MODIFY `id` int(11) NOT NULL AUTO_INCREMENT, AUTO_INCREMENT=25;

--
-- AUTO_INCREMENT for table `message_logs`
--
ALTER TABLE `message_logs`
  MODIFY `id` int(11) NOT NULL AUTO_INCREMENT, AUTO_INCREMENT=16;

--
-- AUTO_INCREMENT for table `notifications`
--
ALTER TABLE `notifications`
  MODIFY `id` int(11) NOT NULL AUTO_INCREMENT, AUTO_INCREMENT=45;

--
-- AUTO_INCREMENT for table `parents`
--
ALTER TABLE `parents`
  MODIFY `parent_id` int(11) NOT NULL AUTO_INCREMENT, AUTO_INCREMENT=8;

--
-- AUTO_INCREMENT for table `rfid_logs`
--
ALTER TABLE `rfid_logs`
  MODIFY `log_id` int(11) NOT NULL AUTO_INCREMENT;

--
-- AUTO_INCREMENT for table `rfid_tags`
--
ALTER TABLE `rfid_tags`
  MODIFY `id` int(11) NOT NULL AUTO_INCREMENT;

--
-- AUTO_INCREMENT for table `sections`
--
ALTER TABLE `sections`
  MODIFY `id` int(11) NOT NULL AUTO_INCREMENT, AUTO_INCREMENT=18;

--
-- AUTO_INCREMENT for table `sms_log`
--
ALTER TABLE `sms_log`
  MODIFY `id` int(11) NOT NULL AUTO_INCREMENT;

--
-- AUTO_INCREMENT for table `sms_settings`
--
ALTER TABLE `sms_settings`
  MODIFY `id` int(11) NOT NULL AUTO_INCREMENT, AUTO_INCREMENT=2;

--
-- AUTO_INCREMENT for table `studentreport`
--
ALTER TABLE `studentreport`
  MODIFY `report_id` int(11) NOT NULL AUTO_INCREMENT;

--
-- AUTO_INCREMENT for table `students`
--
ALTER TABLE `students`
  MODIFY `id` int(11) NOT NULL AUTO_INCREMENT, AUTO_INCREMENT=67;

--
-- AUTO_INCREMENT for table `teachers`
--
ALTER TABLE `teachers`
  MODIFY `id` int(11) NOT NULL AUTO_INCREMENT, AUTO_INCREMENT=13;

--
-- AUTO_INCREMENT for table `teacher_assignments`
--
ALTER TABLE `teacher_assignments`
  MODIFY `id` int(11) NOT NULL AUTO_INCREMENT, AUTO_INCREMENT=27;

--
-- AUTO_INCREMENT for table `users`
--
ALTER TABLE `users`
  MODIFY `id` int(11) NOT NULL AUTO_INCREMENT, AUTO_INCREMENT=76;

--
-- Constraints for dumped tables
--

--
-- Constraints for table `attendance`
--
ALTER TABLE `attendance`
  ADD CONSTRAINT `attendance_ibfk_1` FOREIGN KEY (`user_id`) REFERENCES `students` (`user_id`);

--
-- Constraints for table `grade_level_sections`
--
ALTER TABLE `grade_level_sections`
  ADD CONSTRAINT `grade_level_sections_ibfk_1` FOREIGN KEY (`teacher_id`) REFERENCES `teachers` (`id`),
  ADD CONSTRAINT `grade_level_sections_ibfk_2` FOREIGN KEY (`grade_level_id`) REFERENCES `grade_levels` (`id`),
  ADD CONSTRAINT `grade_level_sections_ibfk_3` FOREIGN KEY (`section_id`) REFERENCES `sections` (`id`);

--
-- Constraints for table `logs`
--
ALTER TABLE `logs`
  ADD CONSTRAINT `logs_ibfk_1` FOREIGN KEY (`student_id`) REFERENCES `students` (`id`);

--
-- Constraints for table `parents`
--
ALTER TABLE `parents`
  ADD CONSTRAINT `parents_ibfk_1` FOREIGN KEY (`student_id`) REFERENCES `students` (`id`) ON DELETE CASCADE;

--
-- Constraints for table `sections`
--
ALTER TABLE `sections`
  ADD CONSTRAINT `sections_ibfk_1` FOREIGN KEY (`grade_level_id`) REFERENCES `grade_levels` (`id`);

--
-- Constraints for table `studentreport`
--
ALTER TABLE `studentreport`
  ADD CONSTRAINT `studentreport_ibfk_1` FOREIGN KEY (`student_id`) REFERENCES `students` (`id`) ON DELETE CASCADE;

--
-- Constraints for table `students`
--
ALTER TABLE `students`
  ADD CONSTRAINT `fk_grade_level_student` FOREIGN KEY (`grade_level_id`) REFERENCES `grade_levels` (`id`),
  ADD CONSTRAINT `fk_parent` FOREIGN KEY (`parent_id`) REFERENCES `parents` (`parent_id`),
  ADD CONSTRAINT `fk_section_student` FOREIGN KEY (`section_id`) REFERENCES `sections` (`id`),
  ADD CONSTRAINT `fk_user_id` FOREIGN KEY (`user_id`) REFERENCES `users` (`id`) ON DELETE CASCADE,
  ADD CONSTRAINT `students_ibfk_1` FOREIGN KEY (`grade_level_id`) REFERENCES `grade_levels` (`id`),
  ADD CONSTRAINT `students_ibfk_2` FOREIGN KEY (`section_id`) REFERENCES `sections` (`id`);

--
-- Constraints for table `teachers`
--
ALTER TABLE `teachers`
  ADD CONSTRAINT `teachers_ibfk_1` FOREIGN KEY (`user_id`) REFERENCES `users` (`id`) ON DELETE CASCADE;

--
-- Constraints for table `teacher_assignments`
--
ALTER TABLE `teacher_assignments`
  ADD CONSTRAINT `fk_employee_id` FOREIGN KEY (`employee_id`) REFERENCES `teachers` (`employee_id`),
  ADD CONSTRAINT `teacher_assignments_ibfk_1` FOREIGN KEY (`teacher_id`) REFERENCES `teachers` (`id`),
  ADD CONSTRAINT `teacher_assignments_ibfk_2` FOREIGN KEY (`grade_level_id`) REFERENCES `grade_levels` (`id`),
  ADD CONSTRAINT `teacher_assignments_ibfk_3` FOREIGN KEY (`section_id`) REFERENCES `sections` (`id`);
COMMIT;

/*!40101 SET CHARACTER_SET_CLIENT=@OLD_CHARACTER_SET_CLIENT */;
/*!40101 SET CHARACTER_SET_RESULTS=@OLD_CHARACTER_SET_RESULTS */;
/*!40101 SET COLLATION_CONNECTION=@OLD_COLLATION_CONNECTION */;
